fecha,indicador,valor,unidad,fuente
2026-08-01,votometro_ventaja_lla,4.3,pp (brecha LLA−PJ),Votómetro CIGOB
2026-07-01,votometro_ventaja_lla,4.3,pp (brecha LLA−PJ),Votómetro CIGOB
2026-06-01,votometro_ventaja_lla,4.0,pp (brecha LLA−PJ),Votómetro CIGOB
2026-05-01,votometro_ventaja_lla,4.5,pp (brecha LLA−PJ),Votómetro CIGOB
2026-04-01,votometro_ventaja_lla,6.9,pp (brecha LLA−PJ),Votómetro CIGOB
2026-03-01,votometro_ventaja_lla,13.3,pp (brecha LLA−PJ),Votómetro CIGOB
2026-02-01,votometro_ventaja_lla,12.8,pp (brecha LLA−PJ),Votómetro CIGOB
2026-01-01,votometro_ventaja_lla,13.0,pp (brecha LLA−PJ),Votómetro CIGOB
2025-12-01,votometro_ventaja_lla,11.0,pp (brecha LLA−PJ),Votómetro CIGOB
2025-11-01,votometro_ventaja_lla,7.7,pp (brecha LLA−PJ),Votómetro CIGOB
2025-10-01,votometro_ventaja_lla,6.8,pp (brecha LLA−PJ),Votómetro CIGOB
2025-09-01,votometro_ventaja_lla,6.3,pp (brecha LLA−PJ),Votómetro CIGOB
2025-08-01,votometro_ventaja_lla,9.2,pp (brecha LLA−PJ),Votómetro CIGOB
2025-07-01,votometro_ventaja_lla,10.2,pp (brecha LLA−PJ),Votómetro CIGOB
2025-06-01,votometro_ventaja_lla,11.3,pp (brecha LLA−PJ),Votómetro CIGOB
2025-05-01,votometro_ventaja_lla,10.2,pp (brecha LLA−PJ),Votómetro CIGOB
2025-04-01,votometro_ventaja_lla,11.0,pp (brecha LLA−PJ),Votómetro CIGOB
2025-03-01,votometro_ventaja_lla,10.1,pp (brecha LLA−PJ),Votómetro CIGOB
2025-02-01,votometro_ventaja_lla,10.1,pp (brecha LLA−PJ),Votómetro CIGOB
2025-01-01,votometro_ventaja_lla,8.0,pp (brecha LLA−PJ),Votómetro CIGOB
2024-12-01,votometro_ventaja_lla,4.0,pp (brecha LLA−PJ),Votómetro CIGOB
2024-11-01,votometro_ventaja_lla,4.9,pp (brecha LLA−PJ),Votómetro CIGOB
2024-10-01,votometro_ventaja_lla,3.4,pp (brecha LLA−PJ),Votómetro CIGOB
2024-09-01,votometro_ventaja_lla,3.1,pp (brecha LLA−PJ),Votómetro CIGOB
2024-08-01,votometro_ventaja_lla,5.1,pp (brecha LLA−PJ),Votómetro CIGOB
2024-07-01,votometro_ventaja_lla,6.5,pp (brecha LLA−PJ),Votómetro CIGOB
2024-06-01,votometro_ventaja_lla,8.1,pp (brecha LLA−PJ),Votómetro CIGOB
2024-05-01,votometro_ventaja_lla,9.0,pp (brecha LLA−PJ),Votómetro CIGOB
2024-04-01,votometro_ventaja_lla,7.0,pp (brecha LLA−PJ),Votómetro CIGOB
2024-03-01,votometro_ventaja_lla,8.1,pp (brecha LLA−PJ),Votómetro CIGOB
2024-02-01,votometro_ventaja_lla,12.3,pp (brecha LLA−PJ),Votómetro CIGOB
2024-01-01,votometro_ventaja_lla,14.2,pp (brecha LLA−PJ),Votómetro CIGOB
2023-12-01,votometro_ventaja_lla,16.1,pp (brecha LLA−PJ),Votómetro CIGOB
2026-08-27,veto_quorum,10.0,% sesiones en minoría (12m móviles),Cámara de Diputados (datos abiertos)
2026-07-31,veto_quorum,8.3,% sesiones en minoría (12m móviles),Cámara de Diputados (datos abiertos)
2026-06-30,veto_quorum,8.3,% sesiones en minoría (12m móviles),Cámara de Diputados (datos abiertos)
2026-05-31,veto_quorum,0.0,% sesiones en minoría (12m móviles),Cámara de Diputados (datos abiertos)
2026-04-30,veto_quorum,8.3,% sesiones en minoría (12m móviles),Cámara de Diputados (datos abiertos)
2026-03-31,veto_quorum,7.7,% sesiones en minoría (12m móviles),Cámara de Diputados (datos abiertos)
2026-02-28,veto_quorum,12.5,% sesiones en minoría (12m móviles),Cámara de Diputados (datos abiertos)
2026-01-31,veto_quorum,12.5,% sesiones en minoría (12m móviles),Cámara de Diputados (datos abiertos)
2025-12-31,veto_quorum,12.5,% sesiones en minoría (12m móviles),Cámara de Diputados (datos abiertos)
2025-11-30,veto_quorum,14.3,% sesiones en minoría (12m móviles),Cámara de Diputados (datos abiertos)
2025-10-31,veto_quorum,31.6,% sesiones en minoría (12m móviles),Cámara de Diputados (datos abiertos)
2025-09-30,veto_quorum,31.6,% sesiones en minoría (12m móviles),Cámara de Diputados (datos abiertos)
2025-08-31,veto_quorum,30.0,% sesiones en minoría (12m móviles),Cámara de Diputados (datos abiertos)
2025-07-31,veto_quorum,33.3,% sesiones en minoría (12m móviles),Cámara de Diputados (datos abiertos)
2025-06-30,veto_quorum,33.3,% sesiones en minoría (12m móviles),Cámara de Diputados (datos abiertos)
2025-05-31,veto_quorum,33.3,% sesiones en minoría (12m móviles),Cámara de Diputados (datos abiertos)
2025-04-30,veto_quorum,28.6,% sesiones en minoría (12m móviles),Cámara de Diputados (datos abiertos)
2025-03-31,veto_quorum,33.3,% sesiones en minoría (12m móviles),Cámara de Diputados (datos abiertos)
2025-02-28,veto_quorum,36.8,% sesiones en minoría (12m móviles),Cámara de Diputados (datos abiertos)
2025-01-31,veto_quorum,38.9,% sesiones en minoría (12m móviles),Cámara de Diputados (datos abiertos)
2024-12-31,veto_quorum,33.3,% sesiones en minoría (12m móviles),Cámara de Diputados (datos abiertos)
2024-11-30,veto_quorum,31.8,% sesiones en minoría (12m móviles),Cámara de Diputados (datos abiertos)
2024-10-31,veto_quorum,17.6,% sesiones en minoría (12m móviles),Cámara de Diputados (datos abiertos)
2024-09-30,veto_quorum,16.7,% sesiones en minoría (12m móviles),Cámara de Diputados (datos abiertos)
2024-08-31,veto_quorum,17.6,% sesiones en minoría (12m móviles),Cámara de Diputados (datos abiertos)
2024-07-31,veto_quorum,13.3,% sesiones en minoría (12m móviles),Cámara de Diputados (datos abiertos)
2024-06-30,veto_quorum,12.5,% sesiones en minoría (12m móviles),Cámara de Diputados (datos abiertos)
2024-05-31,veto_quorum,14.3,% sesiones en minoría (12m móviles),Cámara de Diputados (datos abiertos)
2024-04-30,veto_quorum,15.4,% sesiones en minoría (12m móviles),Cámara de Diputados (datos abiertos)
2024-03-31,veto_quorum,8.3,% sesiones en minoría (12m móviles),Cámara de Diputados (datos abiertos)
2024-02-29,veto_quorum,0.0,% sesiones en minoría (12m móviles),Cámara de Diputados (datos abiertos)
2024-01-31,veto_quorum,0.0,% sesiones en minoría (12m móviles),Cámara de Diputados (datos abiertos)
2023-12-31,veto_quorum,0.0,% sesiones en minoría (12m móviles),Cámara de Diputados (datos abiertos)
2025-12-31,velocidad_resolucion,45.4,% de expedientes resueltos sobre ingresados,CSJN — anuario estadístico
2024-12-31,velocidad_resolucion,41.7,% de expedientes resueltos sobre ingresados,CSJN — anuario estadístico
2023-12-31,velocidad_resolucion,52.4,% de expedientes resueltos sobre ingresados,CSJN — anuario estadístico
2022-12-31,velocidad_resolucion,65.2,% de expedientes resueltos sobre ingresados,CSJN — anuario estadístico
2021-12-31,velocidad_resolucion,78.3,% de expedientes resueltos sobre ingresados,CSJN — anuario estadístico
2020-12-31,velocidad_resolucion,72.4,% de expedientes resueltos sobre ingresados,CSJN — anuario estadístico
2019-12-31,velocidad_resolucion,112.4,% de expedientes resueltos sobre ingresados,CSJN — anuario estadístico
2018-12-31,velocidad_resolucion,26.0,% de expedientes resueltos sobre ingresados,CSJN — anuario estadístico
2017-12-31,velocidad_resolucion,64.8,% de expedientes resueltos sobre ingresados,CSJN — anuario estadístico
2016-12-31,velocidad_resolucion,84.4,% de expedientes resueltos sobre ingresados,CSJN — anuario estadístico
2015-12-31,velocidad_resolucion,110.5,% de expedientes resueltos sobre ingresados,CSJN — anuario estadístico
2014-12-31,velocidad_resolucion,141.8,% de expedientes resueltos sobre ingresados,CSJN — anuario estadístico
2026-08-01,rotacion_gabinete,7,salidas de rango ministerial (acum. 12 meses),Decretos de designación y renuncia — Boletín Oficial (registro curado CIGOB)
2026-07-01,rotacion_gabinete,7,salidas de rango ministerial (acum. 12 meses),Decretos de designación y renuncia — Boletín Oficial (registro curado CIGOB)
2026-06-01,rotacion_gabinete,7,salidas de rango ministerial (acum. 12 meses),Decretos de designación y renuncia — Boletín Oficial (registro curado CIGOB)
2026-05-01,rotacion_gabinete,6,salidas de rango ministerial (acum. 12 meses),Decretos de designación y renuncia — Boletín Oficial (registro curado CIGOB)
2026-04-01,rotacion_gabinete,6,salidas de rango ministerial (acum. 12 meses),Decretos de designación y renuncia — Boletín Oficial (registro curado CIGOB)
2026-03-01,rotacion_gabinete,6,salidas de rango ministerial (acum. 12 meses),Decretos de designación y renuncia — Boletín Oficial (registro curado CIGOB)
2026-02-01,rotacion_gabinete,5,salidas de rango ministerial (acum. 12 meses),Decretos de designación y renuncia — Boletín Oficial (registro curado CIGOB)
2026-01-01,rotacion_gabinete,5,salidas de rango ministerial (acum. 12 meses),Decretos de designación y renuncia — Boletín Oficial (registro curado CIGOB)
2025-12-01,rotacion_gabinete,5,salidas de rango ministerial (acum. 12 meses),Decretos de designación y renuncia — Boletín Oficial (registro curado CIGOB)
2025-11-01,rotacion_gabinete,3,salidas de rango ministerial (acum. 12 meses),Decretos de designación y renuncia — Boletín Oficial (registro curado CIGOB)
2025-10-01,rotacion_gabinete,1,salidas de rango ministerial (acum. 12 meses),Decretos de designación y renuncia — Boletín Oficial (registro curado CIGOB)
2025-09-01,rotacion_gabinete,1,salidas de rango ministerial (acum. 12 meses),Decretos de designación y renuncia — Boletín Oficial (registro curado CIGOB)
2025-08-01,rotacion_gabinete,2,salidas de rango ministerial (acum. 12 meses),Decretos de designación y renuncia — Boletín Oficial (registro curado CIGOB)
2025-07-01,rotacion_gabinete,2,salidas de rango ministerial (acum. 12 meses),Decretos de designación y renuncia — Boletín Oficial (registro curado CIGOB)
2025-06-01,rotacion_gabinete,2,salidas de rango ministerial (acum. 12 meses),Decretos de designación y renuncia — Boletín Oficial (registro curado CIGOB)
2025-05-01,rotacion_gabinete,2,salidas de rango ministerial (acum. 12 meses),Decretos de designación y renuncia — Boletín Oficial (registro curado CIGOB)
2025-04-01,rotacion_gabinete,3,salidas de rango ministerial (acum. 12 meses),Decretos de designación y renuncia — Boletín Oficial (registro curado CIGOB)
2025-03-01,rotacion_gabinete,3,salidas de rango ministerial (acum. 12 meses),Decretos de designación y renuncia — Boletín Oficial (registro curado CIGOB)
2025-02-01,rotacion_gabinete,3,salidas de rango ministerial (acum. 12 meses),Decretos de designación y renuncia — Boletín Oficial (registro curado CIGOB)
2025-01-01,rotacion_gabinete,4,salidas de rango ministerial (acum. 12 meses),Decretos de designación y renuncia — Boletín Oficial (registro curado CIGOB)
2024-12-01,rotacion_gabinete,4,salidas de rango ministerial (acum. 12 meses),Decretos de designación y renuncia — Boletín Oficial (registro curado CIGOB)
2024-11-01,rotacion_gabinete,4,salidas de rango ministerial (acum. 12 meses),Decretos de designación y renuncia — Boletín Oficial (registro curado CIGOB)
2024-10-01,rotacion_gabinete,4,salidas de rango ministerial (acum. 12 meses),Decretos de designación y renuncia — Boletín Oficial (registro curado CIGOB)
2024-09-01,rotacion_gabinete,3,salidas de rango ministerial (acum. 12 meses),Decretos de designación y renuncia — Boletín Oficial (registro curado CIGOB)
2024-08-01,rotacion_gabinete,2,salidas de rango ministerial (acum. 12 meses),Decretos de designación y renuncia — Boletín Oficial (registro curado CIGOB)
2024-07-01,rotacion_gabinete,2,salidas de rango ministerial (acum. 12 meses),Decretos de designación y renuncia — Boletín Oficial (registro curado CIGOB)
2024-06-01,rotacion_gabinete,2,salidas de rango ministerial (acum. 12 meses),Decretos de designación y renuncia — Boletín Oficial (registro curado CIGOB)
2024-05-01,rotacion_gabinete,2,salidas de rango ministerial (acum. 12 meses),Decretos de designación y renuncia — Boletín Oficial (registro curado CIGOB)
2024-04-01,rotacion_gabinete,1,salidas de rango ministerial (acum. 12 meses),Decretos de designación y renuncia — Boletín Oficial (registro curado CIGOB)
2024-03-01,rotacion_gabinete,1,salidas de rango ministerial (acum. 12 meses),Decretos de designación y renuncia — Boletín Oficial (registro curado CIGOB)
2024-02-01,rotacion_gabinete,1,salidas de rango ministerial (acum. 12 meses),Decretos de designación y renuncia — Boletín Oficial (registro curado CIGOB)
2024-01-01,rotacion_gabinete,0,salidas de rango ministerial (acum. 12 meses),Decretos de designación y renuncia — Boletín Oficial (registro curado CIGOB)
2023-12-01,rotacion_gabinete,0,salidas de rango ministerial (acum. 12 meses),Decretos de designación y renuncia — Boletín Oficial (registro curado CIGOB)
2026-08-01,ratio_dnu,1.48,DNUs por ley (12m móviles),InfoLeg
2026-07-01,ratio_dnu,1.4,DNUs por ley (12m móviles),InfoLeg
2026-06-01,ratio_dnu,1.45,DNUs por ley (12m móviles),InfoLeg
2026-05-01,ratio_dnu,2.818,DNUs por ley (12m móviles),InfoLeg
2026-04-01,ratio_dnu,2.429,DNUs por ley (12m móviles),InfoLeg
2026-03-01,ratio_dnu,2.833,DNUs por ley (12m móviles),InfoLeg
2026-02-01,ratio_dnu,2.5,DNUs por ley (12m móviles),InfoLeg
2026-01-01,ratio_dnu,2.846,DNUs por ley (12m móviles),InfoLeg
2025-12-01,ratio_dnu,2.818,DNUs por ley (12m móviles),InfoLeg
2025-11-01,ratio_dnu,3.182,DNUs por ley (12m móviles),InfoLeg
2025-10-01,ratio_dnu,3.273,DNUs por ley (12m móviles),InfoLeg
2025-09-01,ratio_dnu,1.182,DNUs por ley (12m móviles),InfoLeg
2025-08-01,ratio_dnu,0.884,DNUs por ley (12m móviles),InfoLeg
2025-07-01,ratio_dnu,0.953,DNUs por ley (12m móviles),InfoLeg
2025-06-01,ratio_dnu,1.022,DNUs por ley (12m móviles),InfoLeg
2025-05-01,ratio_dnu,1.022,DNUs por ley (12m móviles),InfoLeg
2025-04-01,ratio_dnu,1.0,DNUs por ley (12m móviles),InfoLeg
2025-03-01,ratio_dnu,1.022,DNUs por ley (12m móviles),InfoLeg
2025-02-01,ratio_dnu,1.119,DNUs por ley (12m móviles),InfoLeg
2025-01-01,ratio_dnu,1.143,DNUs por ley (12m móviles),InfoLeg
2024-12-01,ratio_dnu,1.119,DNUs por ley (12m móviles),InfoLeg
2024-11-01,ratio_dnu,1.214,DNUs por ley (12m móviles),InfoLeg
2024-10-01,ratio_dnu,1.238,DNUs por ley (12m móviles),InfoLeg
2024-09-01,ratio_dnu,1.656,DNUs por ley (12m móviles),InfoLeg
2024-08-01,ratio_dnu,2.476,DNUs por ley (12m móviles),InfoLeg
2024-07-01,ratio_dnu,2.429,DNUs por ley (12m móviles),InfoLeg
2024-06-01,ratio_dnu,2.043,DNUs por ley (12m móviles),InfoLeg
2024-05-01,ratio_dnu,1.957,DNUs por ley (12m móviles),InfoLeg
2024-04-01,ratio_dnu,1.344,DNUs por ley (12m móviles),InfoLeg
2024-03-01,ratio_dnu,1.212,DNUs por ley (12m móviles),InfoLeg
2024-02-01,ratio_dnu,1.176,DNUs por ley (12m móviles),InfoLeg
2024-01-01,ratio_dnu,1.088,DNUs por ley (12m móviles),InfoLeg
2023-12-01,ratio_dnu,1.029,DNUs por ley (12m móviles),InfoLeg
2026-08-01,produccion_legislativa,25,leyes sancionadas (12m móviles),Cámara de Diputados — dataset de leyes sancionadas
2026-07-01,produccion_legislativa,28,leyes sancionadas (12m móviles),Cámara de Diputados — dataset de leyes sancionadas
2026-06-01,produccion_legislativa,24,leyes sancionadas (12m móviles),Cámara de Diputados — dataset de leyes sancionadas
2026-05-01,produccion_legislativa,18,leyes sancionadas (12m móviles),Cámara de Diputados — dataset de leyes sancionadas
2026-04-01,produccion_legislativa,17,leyes sancionadas (12m móviles),Cámara de Diputados — dataset de leyes sancionadas
2026-03-01,produccion_legislativa,16,leyes sancionadas (12m móviles),Cámara de Diputados — dataset de leyes sancionadas
2026-02-01,produccion_legislativa,17,leyes sancionadas (12m móviles),Cámara de Diputados — dataset de leyes sancionadas
2026-01-01,produccion_legislativa,17,leyes sancionadas (12m móviles),Cámara de Diputados — dataset de leyes sancionadas
2025-12-01,produccion_legislativa,15,leyes sancionadas (12m móviles),Cámara de Diputados — dataset de leyes sancionadas
2025-11-01,produccion_legislativa,15,leyes sancionadas (12m móviles),Cámara de Diputados — dataset de leyes sancionadas
2025-10-01,produccion_legislativa,37,leyes sancionadas (12m móviles),Cámara de Diputados — dataset de leyes sancionadas
2025-09-01,produccion_legislativa,39,leyes sancionadas (12m móviles),Cámara de Diputados — dataset de leyes sancionadas
2025-08-01,produccion_legislativa,47,leyes sancionadas (12m móviles),Cámara de Diputados — dataset de leyes sancionadas
2025-07-01,produccion_legislativa,45,leyes sancionadas (12m móviles),Cámara de Diputados — dataset de leyes sancionadas
2025-06-01,produccion_legislativa,46,leyes sancionadas (12m móviles),Cámara de Diputados — dataset de leyes sancionadas
2025-05-01,produccion_legislativa,43,leyes sancionadas (12m móviles),Cámara de Diputados — dataset de leyes sancionadas
2025-04-01,produccion_legislativa,45,leyes sancionadas (12m móviles),Cámara de Diputados — dataset de leyes sancionadas
2025-03-01,produccion_legislativa,46,leyes sancionadas (12m móviles),Cámara de Diputados — dataset de leyes sancionadas
2025-02-01,produccion_legislativa,42,leyes sancionadas (12m móviles),Cámara de Diputados — dataset de leyes sancionadas
2025-01-01,produccion_legislativa,42,leyes sancionadas (12m móviles),Cámara de Diputados — dataset de leyes sancionadas
2024-12-01,produccion_legislativa,42,leyes sancionadas (12m móviles),Cámara de Diputados — dataset de leyes sancionadas
2024-11-01,produccion_legislativa,42,leyes sancionadas (12m móviles),Cámara de Diputados — dataset de leyes sancionadas
2024-10-01,produccion_legislativa,45,leyes sancionadas (12m móviles),Cámara de Diputados — dataset de leyes sancionadas
2024-09-01,produccion_legislativa,32,leyes sancionadas (12m móviles),Cámara de Diputados — dataset de leyes sancionadas
2024-08-01,produccion_legislativa,21,leyes sancionadas (12m móviles),Cámara de Diputados — dataset de leyes sancionadas
2024-07-01,produccion_legislativa,25,leyes sancionadas (12m móviles),Cámara de Diputados — dataset de leyes sancionadas
2024-06-01,produccion_legislativa,23,leyes sancionadas (12m móviles),Cámara de Diputados — dataset de leyes sancionadas
2024-05-01,produccion_legislativa,23,leyes sancionadas (12m móviles),Cámara de Diputados — dataset de leyes sancionadas
2024-04-01,produccion_legislativa,31,leyes sancionadas (12m móviles),Cámara de Diputados — dataset de leyes sancionadas
2024-03-01,produccion_legislativa,32,leyes sancionadas (12m móviles),Cámara de Diputados — dataset de leyes sancionadas
2024-02-01,produccion_legislativa,34,leyes sancionadas (12m móviles),Cámara de Diputados — dataset de leyes sancionadas
2024-01-01,produccion_legislativa,34,leyes sancionadas (12m móviles),Cámara de Diputados — dataset de leyes sancionadas
2023-12-01,produccion_legislativa,34,leyes sancionadas (12m móviles),Cámara de Diputados — dataset de leyes sancionadas
2026-08-01,paralisis_denuncias,7,sesiones de las comisiones de control (12m móviles),Consejo de la Magistratura — archivo de notas de las comisiones
2026-07-01,paralisis_denuncias,7,sesiones de las comisiones de control (12m móviles),Consejo de la Magistratura — archivo de notas de las comisiones
2026-06-01,paralisis_denuncias,6,sesiones de las comisiones de control (12m móviles),Consejo de la Magistratura — archivo de notas de las comisiones
2026-05-01,paralisis_denuncias,7,sesiones de las comisiones de control (12m móviles),Consejo de la Magistratura — archivo de notas de las comisiones
2026-04-01,paralisis_denuncias,7,sesiones de las comisiones de control (12m móviles),Consejo de la Magistratura — archivo de notas de las comisiones
2026-03-01,paralisis_denuncias,6,sesiones de las comisiones de control (12m móviles),Consejo de la Magistratura — archivo de notas de las comisiones
2026-02-01,paralisis_denuncias,6,sesiones de las comisiones de control (12m móviles),Consejo de la Magistratura — archivo de notas de las comisiones
2026-01-01,paralisis_denuncias,5,sesiones de las comisiones de control (12m móviles),Consejo de la Magistratura — archivo de notas de las comisiones
2025-12-01,paralisis_denuncias,5,sesiones de las comisiones de control (12m móviles),Consejo de la Magistratura — archivo de notas de las comisiones
2025-11-01,paralisis_denuncias,5,sesiones de las comisiones de control (12m móviles),Consejo de la Magistratura — archivo de notas de las comisiones
2025-10-01,paralisis_denuncias,6,sesiones de las comisiones de control (12m móviles),Consejo de la Magistratura — archivo de notas de las comisiones
2025-09-01,paralisis_denuncias,6,sesiones de las comisiones de control (12m móviles),Consejo de la Magistratura — archivo de notas de las comisiones
2025-08-01,paralisis_denuncias,6,sesiones de las comisiones de control (12m móviles),Consejo de la Magistratura — archivo de notas de las comisiones
2025-07-01,paralisis_denuncias,6,sesiones de las comisiones de control (12m móviles),Consejo de la Magistratura — archivo de notas de las comisiones
2025-06-01,paralisis_denuncias,6,sesiones de las comisiones de control (12m móviles),Consejo de la Magistratura — archivo de notas de las comisiones
2025-05-01,paralisis_denuncias,7,sesiones de las comisiones de control (12m móviles),Consejo de la Magistratura — archivo de notas de las comisiones
2025-04-01,paralisis_denuncias,5,sesiones de las comisiones de control (12m móviles),Consejo de la Magistratura — archivo de notas de las comisiones
2025-03-01,paralisis_denuncias,5,sesiones de las comisiones de control (12m móviles),Consejo de la Magistratura — archivo de notas de las comisiones
2025-02-01,paralisis_denuncias,5,sesiones de las comisiones de control (12m móviles),Consejo de la Magistratura — archivo de notas de las comisiones
2025-01-01,paralisis_denuncias,5,sesiones de las comisiones de control (12m móviles),Consejo de la Magistratura — archivo de notas de las comisiones
2024-12-01,paralisis_denuncias,6,sesiones de las comisiones de control (12m móviles),Consejo de la Magistratura — archivo de notas de las comisiones
2024-11-01,paralisis_denuncias,6,sesiones de las comisiones de control (12m móviles),Consejo de la Magistratura — archivo de notas de las comisiones
2024-10-01,paralisis_denuncias,5,sesiones de las comisiones de control (12m móviles),Consejo de la Magistratura — archivo de notas de las comisiones
2024-09-01,paralisis_denuncias,5,sesiones de las comisiones de control (12m móviles),Consejo de la Magistratura — archivo de notas de las comisiones
2024-08-01,paralisis_denuncias,5,sesiones de las comisiones de control (12m móviles),Consejo de la Magistratura — archivo de notas de las comisiones
2024-07-01,paralisis_denuncias,4,sesiones de las comisiones de control (12m móviles),Consejo de la Magistratura — archivo de notas de las comisiones
2024-06-01,paralisis_denuncias,4,sesiones de las comisiones de control (12m móviles),Consejo de la Magistratura — archivo de notas de las comisiones
2024-05-01,paralisis_denuncias,3,sesiones de las comisiones de control (12m móviles),Consejo de la Magistratura — archivo de notas de las comisiones
2024-04-01,paralisis_denuncias,2,sesiones de las comisiones de control (12m móviles),Consejo de la Magistratura — archivo de notas de las comisiones
2024-03-01,paralisis_denuncias,2,sesiones de las comisiones de control (12m móviles),Consejo de la Magistratura — archivo de notas de las comisiones
2024-02-01,paralisis_denuncias,2,sesiones de las comisiones de control (12m móviles),Consejo de la Magistratura — archivo de notas de las comisiones
2024-01-01,paralisis_denuncias,2,sesiones de las comisiones de control (12m móviles),Consejo de la Magistratura — archivo de notas de las comisiones
2023-12-01,paralisis_denuncias,2,sesiones de las comisiones de control (12m móviles),Consejo de la Magistratura — archivo de notas de las comisiones
2026-08-23,movilizacion_cepa,50.5,Índice de conflictividad social (0-100),Centro CEPA — informes de conflictividad (elaboración CIGOB)
2026-06-09,movilizacion_cepa,50.5,Índice de conflictividad social (0-100),Centro CEPA — informes de conflictividad (elaboración CIGOB)
2026-04-09,movilizacion_cepa,46.0,Índice de conflictividad social (0-100),Centro CEPA — informes de conflictividad (elaboración CIGOB)
2026-01-01,judicializacion,1.57,% de sumarios con medida cautelar (Federal + Nacional),SAIJ — buscador de jurisprudencia
2025-01-01,judicializacion,1.71,% de sumarios con medida cautelar (Federal + Nacional),SAIJ — buscador de jurisprudencia
2024-01-01,judicializacion,1.95,% de sumarios con medida cautelar (Federal + Nacional),SAIJ — buscador de jurisprudencia
2023-01-01,judicializacion,1.51,% de sumarios con medida cautelar (Federal + Nacional),SAIJ — buscador de jurisprudencia
2022-01-01,judicializacion,1.52,% de sumarios con medida cautelar (Federal + Nacional),SAIJ — buscador de jurisprudencia
2021-01-01,judicializacion,1.6,% de sumarios con medida cautelar (Federal + Nacional),SAIJ — buscador de jurisprudencia
2020-01-01,judicializacion,1.53,% de sumarios con medida cautelar (Federal + Nacional),SAIJ — buscador de jurisprudencia
2019-01-01,judicializacion,0.91,% de sumarios con medida cautelar (Federal + Nacional),SAIJ — buscador de jurisprudencia
2018-01-01,judicializacion,1.03,% de sumarios con medida cautelar (Federal + Nacional),SAIJ — buscador de jurisprudencia
2017-01-01,judicializacion,0.61,% de sumarios con medida cautelar (Federal + Nacional),SAIJ — buscador de jurisprudencia
2016-01-01,judicializacion,0.56,% de sumarios con medida cautelar (Federal + Nacional),SAIJ — buscador de jurisprudencia
2026-05-01,jornadas_individuales_no_trabajadas_12m,4760195,jornadas individuales no trabajadas (12m móviles),Secretaría de Trabajo — Estadísticas de conflictos laborales
2026-04-01,jornadas_individuales_no_trabajadas_12m,5182317,jornadas individuales no trabajadas (12m móviles),Secretaría de Trabajo — Estadísticas de conflictos laborales
2026-03-01,jornadas_individuales_no_trabajadas_12m,4817150,jornadas individuales no trabajadas (12m móviles),Secretaría de Trabajo — Estadísticas de conflictos laborales
2026-02-01,jornadas_individuales_no_trabajadas_12m,4188784,jornadas individuales no trabajadas (12m móviles),Secretaría de Trabajo — Estadísticas de conflictos laborales
2026-01-01,jornadas_individuales_no_trabajadas_12m,4499139,jornadas individuales no trabajadas (12m móviles),Secretaría de Trabajo — Estadísticas de conflictos laborales
2025-12-01,jornadas_individuales_no_trabajadas_12m,4492884,jornadas individuales no trabajadas (12m móviles),Secretaría de Trabajo — Estadísticas de conflictos laborales
2025-11-01,jornadas_individuales_no_trabajadas_12m,4410701,jornadas individuales no trabajadas (12m móviles),Secretaría de Trabajo — Estadísticas de conflictos laborales
2025-10-01,jornadas_individuales_no_trabajadas_12m,4407505,jornadas individuales no trabajadas (12m móviles),Secretaría de Trabajo — Estadísticas de conflictos laborales
2025-09-01,jornadas_individuales_no_trabajadas_12m,5074370,jornadas individuales no trabajadas (12m móviles),Secretaría de Trabajo — Estadísticas de conflictos laborales
2025-08-01,jornadas_individuales_no_trabajadas_12m,4929991,jornadas individuales no trabajadas (12m móviles),Secretaría de Trabajo — Estadísticas de conflictos laborales
2025-07-01,jornadas_individuales_no_trabajadas_12m,4734953,jornadas individuales no trabajadas (12m móviles),Secretaría de Trabajo — Estadísticas de conflictos laborales
2025-06-01,jornadas_individuales_no_trabajadas_12m,4610981,jornadas individuales no trabajadas (12m móviles),Secretaría de Trabajo — Estadísticas de conflictos laborales
2025-05-01,jornadas_individuales_no_trabajadas_12m,4741651,jornadas individuales no trabajadas (12m móviles),Secretaría de Trabajo — Estadísticas de conflictos laborales
2025-04-01,jornadas_individuales_no_trabajadas_12m,5022008,jornadas individuales no trabajadas (12m móviles),Secretaría de Trabajo — Estadísticas de conflictos laborales
2025-03-01,jornadas_individuales_no_trabajadas_12m,5504301,jornadas individuales no trabajadas (12m móviles),Secretaría de Trabajo — Estadísticas de conflictos laborales
2025-02-01,jornadas_individuales_no_trabajadas_12m,5929093,jornadas individuales no trabajadas (12m móviles),Secretaría de Trabajo — Estadísticas de conflictos laborales
2025-01-01,jornadas_individuales_no_trabajadas_12m,6149894,jornadas individuales no trabajadas (12m móviles),Secretaría de Trabajo — Estadísticas de conflictos laborales
2024-12-01,jornadas_individuales_no_trabajadas_12m,6240205,jornadas individuales no trabajadas (12m móviles),Secretaría de Trabajo — Estadísticas de conflictos laborales
2024-11-01,jornadas_individuales_no_trabajadas_12m,6214015,jornadas individuales no trabajadas (12m móviles),Secretaría de Trabajo — Estadísticas de conflictos laborales
2024-10-01,jornadas_individuales_no_trabajadas_12m,6239964,jornadas individuales no trabajadas (12m móviles),Secretaría de Trabajo — Estadísticas de conflictos laborales
2024-09-01,jornadas_individuales_no_trabajadas_12m,5510079,jornadas individuales no trabajadas (12m móviles),Secretaría de Trabajo — Estadísticas de conflictos laborales
2024-08-01,jornadas_individuales_no_trabajadas_12m,5322546,jornadas individuales no trabajadas (12m móviles),Secretaría de Trabajo — Estadísticas de conflictos laborales
2024-07-01,jornadas_individuales_no_trabajadas_12m,4996833,jornadas individuales no trabajadas (12m móviles),Secretaría de Trabajo — Estadísticas de conflictos laborales
2024-06-01,jornadas_individuales_no_trabajadas_12m,5161104,jornadas individuales no trabajadas (12m móviles),Secretaría de Trabajo — Estadísticas de conflictos laborales
2024-05-01,jornadas_individuales_no_trabajadas_12m,5915174,jornadas individuales no trabajadas (12m móviles),Secretaría de Trabajo — Estadísticas de conflictos laborales
2024-04-01,jornadas_individuales_no_trabajadas_12m,5322567,jornadas individuales no trabajadas (12m móviles),Secretaría de Trabajo — Estadísticas de conflictos laborales
2024-03-01,jornadas_individuales_no_trabajadas_12m,5303190,jornadas individuales no trabajadas (12m móviles),Secretaría de Trabajo — Estadísticas de conflictos laborales
2024-02-01,jornadas_individuales_no_trabajadas_12m,5169108,jornadas individuales no trabajadas (12m móviles),Secretaría de Trabajo — Estadísticas de conflictos laborales
2024-01-01,jornadas_individuales_no_trabajadas_12m,4666711,jornadas individuales no trabajadas (12m móviles),Secretaría de Trabajo — Estadísticas de conflictos laborales
2023-12-01,jornadas_individuales_no_trabajadas_12m,4592620,jornadas individuales no trabajadas (12m móviles),Secretaría de Trabajo — Estadísticas de conflictos laborales
2023-11-01,jornadas_individuales_no_trabajadas_12m,4702664,jornadas individuales no trabajadas (12m móviles),Secretaría de Trabajo — Estadísticas de conflictos laborales
2023-10-01,jornadas_individuales_no_trabajadas_12m,4715719,jornadas individuales no trabajadas (12m móviles),Secretaría de Trabajo — Estadísticas de conflictos laborales
2023-09-01,jornadas_individuales_no_trabajadas_12m,4782526,jornadas individuales no trabajadas (12m móviles),Secretaría de Trabajo — Estadísticas de conflictos laborales
2023-08-01,jornadas_individuales_no_trabajadas_12m,5228677,jornadas individuales no trabajadas (12m móviles),Secretaría de Trabajo — Estadísticas de conflictos laborales
2023-07-01,jornadas_individuales_no_trabajadas_12m,6088297,jornadas individuales no trabajadas (12m móviles),Secretaría de Trabajo — Estadísticas de conflictos laborales
2023-06-01,jornadas_individuales_no_trabajadas_12m,5961583,jornadas individuales no trabajadas (12m móviles),Secretaría de Trabajo — Estadísticas de conflictos laborales
2023-05-01,jornadas_individuales_no_trabajadas_12m,5275755,jornadas individuales no trabajadas (12m móviles),Secretaría de Trabajo — Estadísticas de conflictos laborales
2023-04-01,jornadas_individuales_no_trabajadas_12m,5120012,jornadas individuales no trabajadas (12m móviles),Secretaría de Trabajo — Estadísticas de conflictos laborales
2023-03-01,jornadas_individuales_no_trabajadas_12m,4871180,jornadas individuales no trabajadas (12m móviles),Secretaría de Trabajo — Estadísticas de conflictos laborales
2023-02-01,jornadas_individuales_no_trabajadas_12m,4696928,jornadas individuales no trabajadas (12m móviles),Secretaría de Trabajo — Estadísticas de conflictos laborales
2023-01-01,jornadas_individuales_no_trabajadas_12m,4595224,jornadas individuales no trabajadas (12m móviles),Secretaría de Trabajo — Estadísticas de conflictos laborales
2022-12-01,jornadas_individuales_no_trabajadas_12m,4620382,jornadas individuales no trabajadas (12m móviles),Secretaría de Trabajo — Estadísticas de conflictos laborales
2022-11-01,jornadas_individuales_no_trabajadas_12m,4468838,jornadas individuales no trabajadas (12m móviles),Secretaría de Trabajo — Estadísticas de conflictos laborales
2022-10-01,jornadas_individuales_no_trabajadas_12m,4303964,jornadas individuales no trabajadas (12m móviles),Secretaría de Trabajo — Estadísticas de conflictos laborales
2022-09-01,jornadas_individuales_no_trabajadas_12m,4139830,jornadas individuales no trabajadas (12m móviles),Secretaría de Trabajo — Estadísticas de conflictos laborales
2022-08-01,jornadas_individuales_no_trabajadas_12m,3644778,jornadas individuales no trabajadas (12m móviles),Secretaría de Trabajo — Estadísticas de conflictos laborales
2022-07-01,jornadas_individuales_no_trabajadas_12m,3078162,jornadas individuales no trabajadas (12m móviles),Secretaría de Trabajo — Estadísticas de conflictos laborales
2022-06-01,jornadas_individuales_no_trabajadas_12m,3123189,jornadas individuales no trabajadas (12m móviles),Secretaría de Trabajo — Estadísticas de conflictos laborales
2022-05-01,jornadas_individuales_no_trabajadas_12m,2796828,jornadas individuales no trabajadas (12m móviles),Secretaría de Trabajo — Estadísticas de conflictos laborales
2022-04-01,jornadas_individuales_no_trabajadas_12m,3107998,jornadas individuales no trabajadas (12m móviles),Secretaría de Trabajo — Estadísticas de conflictos laborales
2022-03-01,jornadas_individuales_no_trabajadas_12m,3593457,jornadas individuales no trabajadas (12m móviles),Secretaría de Trabajo — Estadísticas de conflictos laborales
2022-02-01,jornadas_individuales_no_trabajadas_12m,3790740,jornadas individuales no trabajadas (12m móviles),Secretaría de Trabajo — Estadísticas de conflictos laborales
2022-01-01,jornadas_individuales_no_trabajadas_12m,3958713,jornadas individuales no trabajadas (12m móviles),Secretaría de Trabajo — Estadísticas de conflictos laborales
2021-12-01,jornadas_individuales_no_trabajadas_12m,3994571,jornadas individuales no trabajadas (12m móviles),Secretaría de Trabajo — Estadísticas de conflictos laborales
2021-11-01,jornadas_individuales_no_trabajadas_12m,4502288,jornadas individuales no trabajadas (12m móviles),Secretaría de Trabajo — Estadísticas de conflictos laborales
2021-10-01,jornadas_individuales_no_trabajadas_12m,5237776,jornadas individuales no trabajadas (12m móviles),Secretaría de Trabajo — Estadísticas de conflictos laborales
2021-09-01,jornadas_individuales_no_trabajadas_12m,5850525,jornadas individuales no trabajadas (12m móviles),Secretaría de Trabajo — Estadísticas de conflictos laborales
2021-08-01,jornadas_individuales_no_trabajadas_12m,6574526,jornadas individuales no trabajadas (12m móviles),Secretaría de Trabajo — Estadísticas de conflictos laborales
2021-07-01,jornadas_individuales_no_trabajadas_12m,7200482,jornadas individuales no trabajadas (12m móviles),Secretaría de Trabajo — Estadísticas de conflictos laborales
2021-06-01,jornadas_individuales_no_trabajadas_12m,7720597,jornadas individuales no trabajadas (12m móviles),Secretaría de Trabajo — Estadísticas de conflictos laborales
2021-05-01,jornadas_individuales_no_trabajadas_12m,7962476,jornadas individuales no trabajadas (12m móviles),Secretaría de Trabajo — Estadísticas de conflictos laborales
2021-04-01,jornadas_individuales_no_trabajadas_12m,7866105,jornadas individuales no trabajadas (12m móviles),Secretaría de Trabajo — Estadísticas de conflictos laborales
2021-03-01,jornadas_individuales_no_trabajadas_12m,7137236,jornadas individuales no trabajadas (12m móviles),Secretaría de Trabajo — Estadísticas de conflictos laborales
2021-02-01,jornadas_individuales_no_trabajadas_12m,6958278,jornadas individuales no trabajadas (12m móviles),Secretaría de Trabajo — Estadísticas de conflictos laborales
2021-01-01,jornadas_individuales_no_trabajadas_12m,6885494,jornadas individuales no trabajadas (12m móviles),Secretaría de Trabajo — Estadísticas de conflictos laborales
2020-12-01,jornadas_individuales_no_trabajadas_12m,6854891,jornadas individuales no trabajadas (12m móviles),Secretaría de Trabajo — Estadísticas de conflictos laborales
2020-11-01,jornadas_individuales_no_trabajadas_12m,6421211,jornadas individuales no trabajadas (12m móviles),Secretaría de Trabajo — Estadísticas de conflictos laborales
2020-10-01,jornadas_individuales_no_trabajadas_12m,6308598,jornadas individuales no trabajadas (12m móviles),Secretaría de Trabajo — Estadísticas de conflictos laborales
2020-09-01,jornadas_individuales_no_trabajadas_12m,5903566,jornadas individuales no trabajadas (12m móviles),Secretaría de Trabajo — Estadísticas de conflictos laborales
2020-08-01,jornadas_individuales_no_trabajadas_12m,5872702,jornadas individuales no trabajadas (12m móviles),Secretaría de Trabajo — Estadísticas de conflictos laborales
2020-07-01,jornadas_individuales_no_trabajadas_12m,5352164,jornadas individuales no trabajadas (12m móviles),Secretaría de Trabajo — Estadísticas de conflictos laborales
2020-06-01,jornadas_individuales_no_trabajadas_12m,4886027,jornadas individuales no trabajadas (12m móviles),Secretaría de Trabajo — Estadísticas de conflictos laborales
2020-05-01,jornadas_individuales_no_trabajadas_12m,4711798,jornadas individuales no trabajadas (12m móviles),Secretaría de Trabajo — Estadísticas de conflictos laborales
2020-04-01,jornadas_individuales_no_trabajadas_12m,4623687,jornadas individuales no trabajadas (12m móviles),Secretaría de Trabajo — Estadísticas de conflictos laborales
2020-03-01,jornadas_individuales_no_trabajadas_12m,5233684,jornadas individuales no trabajadas (12m móviles),Secretaría de Trabajo — Estadísticas de conflictos laborales
2020-02-01,jornadas_individuales_no_trabajadas_12m,6247807,jornadas individuales no trabajadas (12m móviles),Secretaría de Trabajo — Estadísticas de conflictos laborales
2020-01-01,jornadas_individuales_no_trabajadas_12m,6197529,jornadas individuales no trabajadas (12m móviles),Secretaría de Trabajo — Estadísticas de conflictos laborales
2019-12-01,jornadas_individuales_no_trabajadas_12m,6164329,jornadas individuales no trabajadas (12m móviles),Secretaría de Trabajo — Estadísticas de conflictos laborales
2019-11-01,jornadas_individuales_no_trabajadas_12m,6454311,jornadas individuales no trabajadas (12m móviles),Secretaría de Trabajo — Estadísticas de conflictos laborales
2019-10-01,jornadas_individuales_no_trabajadas_12m,6278007,jornadas individuales no trabajadas (12m móviles),Secretaría de Trabajo — Estadísticas de conflictos laborales
2019-09-01,jornadas_individuales_no_trabajadas_12m,7081202,jornadas individuales no trabajadas (12m móviles),Secretaría de Trabajo — Estadísticas de conflictos laborales
2019-08-01,jornadas_individuales_no_trabajadas_12m,7686444,jornadas individuales no trabajadas (12m móviles),Secretaría de Trabajo — Estadísticas de conflictos laborales
2019-07-01,jornadas_individuales_no_trabajadas_12m,8781022,jornadas individuales no trabajadas (12m móviles),Secretaría de Trabajo — Estadísticas de conflictos laborales
2019-06-01,jornadas_individuales_no_trabajadas_12m,9370257,jornadas individuales no trabajadas (12m móviles),Secretaría de Trabajo — Estadísticas de conflictos laborales
2019-05-01,jornadas_individuales_no_trabajadas_12m,9718321,jornadas individuales no trabajadas (12m móviles),Secretaría de Trabajo — Estadísticas de conflictos laborales
2019-04-01,jornadas_individuales_no_trabajadas_12m,10751149,jornadas individuales no trabajadas (12m móviles),Secretaría de Trabajo — Estadísticas de conflictos laborales
2019-03-01,jornadas_individuales_no_trabajadas_12m,11541563,jornadas individuales no trabajadas (12m móviles),Secretaría de Trabajo — Estadísticas de conflictos laborales
2019-02-01,jornadas_individuales_no_trabajadas_12m,11553057,jornadas individuales no trabajadas (12m móviles),Secretaría de Trabajo — Estadísticas de conflictos laborales
2019-01-01,jornadas_individuales_no_trabajadas_12m,11984375,jornadas individuales no trabajadas (12m móviles),Secretaría de Trabajo — Estadísticas de conflictos laborales
2018-12-01,jornadas_individuales_no_trabajadas_12m,12273316,jornadas individuales no trabajadas (12m móviles),Secretaría de Trabajo — Estadísticas de conflictos laborales
2018-11-01,jornadas_individuales_no_trabajadas_12m,12079218,jornadas individuales no trabajadas (12m móviles),Secretaría de Trabajo — Estadísticas de conflictos laborales
2018-10-01,jornadas_individuales_no_trabajadas_12m,11899654,jornadas individuales no trabajadas (12m móviles),Secretaría de Trabajo — Estadísticas de conflictos laborales
2018-09-01,jornadas_individuales_no_trabajadas_12m,11074943,jornadas individuales no trabajadas (12m móviles),Secretaría de Trabajo — Estadísticas de conflictos laborales
2018-08-01,jornadas_individuales_no_trabajadas_12m,9876764,jornadas individuales no trabajadas (12m móviles),Secretaría de Trabajo — Estadísticas de conflictos laborales
2018-07-01,jornadas_individuales_no_trabajadas_12m,8622840,jornadas individuales no trabajadas (12m móviles),Secretaría de Trabajo — Estadísticas de conflictos laborales
2018-06-01,jornadas_individuales_no_trabajadas_12m,8211522,jornadas individuales no trabajadas (12m móviles),Secretaría de Trabajo — Estadísticas de conflictos laborales
2018-05-01,jornadas_individuales_no_trabajadas_12m,8473808,jornadas individuales no trabajadas (12m móviles),Secretaría de Trabajo — Estadísticas de conflictos laborales
2018-04-01,jornadas_individuales_no_trabajadas_12m,7753961,jornadas individuales no trabajadas (12m móviles),Secretaría de Trabajo — Estadísticas de conflictos laborales
2018-03-01,jornadas_individuales_no_trabajadas_12m,7624775,jornadas individuales no trabajadas (12m móviles),Secretaría de Trabajo — Estadísticas de conflictos laborales
2018-02-01,jornadas_individuales_no_trabajadas_12m,11266208,jornadas individuales no trabajadas (12m móviles),Secretaría de Trabajo — Estadísticas de conflictos laborales
2018-01-01,jornadas_individuales_no_trabajadas_12m,10877343,jornadas individuales no trabajadas (12m móviles),Secretaría de Trabajo — Estadísticas de conflictos laborales
2017-12-01,jornadas_individuales_no_trabajadas_12m,10648393,jornadas individuales no trabajadas (12m móviles),Secretaría de Trabajo — Estadísticas de conflictos laborales
2017-11-01,jornadas_individuales_no_trabajadas_12m,10799952,jornadas individuales no trabajadas (12m móviles),Secretaría de Trabajo — Estadísticas de conflictos laborales
2017-10-01,jornadas_individuales_no_trabajadas_12m,11290817,jornadas individuales no trabajadas (12m móviles),Secretaría de Trabajo — Estadísticas de conflictos laborales
2017-09-01,jornadas_individuales_no_trabajadas_12m,11626923,jornadas individuales no trabajadas (12m móviles),Secretaría de Trabajo — Estadísticas de conflictos laborales
2017-08-01,jornadas_individuales_no_trabajadas_12m,12749908,jornadas individuales no trabajadas (12m móviles),Secretaría de Trabajo — Estadísticas de conflictos laborales
2017-07-01,jornadas_individuales_no_trabajadas_12m,13651031,jornadas individuales no trabajadas (12m móviles),Secretaría de Trabajo — Estadísticas de conflictos laborales
2017-06-01,jornadas_individuales_no_trabajadas_12m,13537078,jornadas individuales no trabajadas (12m móviles),Secretaría de Trabajo — Estadísticas de conflictos laborales
2017-05-01,jornadas_individuales_no_trabajadas_12m,13093094,jornadas individuales no trabajadas (12m móviles),Secretaría de Trabajo — Estadísticas de conflictos laborales
2017-04-01,jornadas_individuales_no_trabajadas_12m,13293404,jornadas individuales no trabajadas (12m móviles),Secretaría de Trabajo — Estadísticas de conflictos laborales
2017-03-01,jornadas_individuales_no_trabajadas_12m,13892790,jornadas individuales no trabajadas (12m móviles),Secretaría de Trabajo — Estadísticas de conflictos laborales
2017-02-01,jornadas_individuales_no_trabajadas_12m,10053245,jornadas individuales no trabajadas (12m móviles),Secretaría de Trabajo — Estadísticas de conflictos laborales
2017-01-01,jornadas_individuales_no_trabajadas_12m,10336808,jornadas individuales no trabajadas (12m móviles),Secretaría de Trabajo — Estadísticas de conflictos laborales
2016-12-01,jornadas_individuales_no_trabajadas_12m,10344808,jornadas individuales no trabajadas (12m móviles),Secretaría de Trabajo — Estadísticas de conflictos laborales
2016-11-01,jornadas_individuales_no_trabajadas_12m,10167447,jornadas individuales no trabajadas (12m móviles),Secretaría de Trabajo — Estadísticas de conflictos laborales
2016-10-01,jornadas_individuales_no_trabajadas_12m,9574751,jornadas individuales no trabajadas (12m móviles),Secretaría de Trabajo — Estadísticas de conflictos laborales
2016-09-01,jornadas_individuales_no_trabajadas_12m,9151639,jornadas individuales no trabajadas (12m móviles),Secretaría de Trabajo — Estadísticas de conflictos laborales
2016-08-01,jornadas_individuales_no_trabajadas_12m,8155166,jornadas individuales no trabajadas (12m móviles),Secretaría de Trabajo — Estadísticas de conflictos laborales
2016-07-01,jornadas_individuales_no_trabajadas_12m,7297300,jornadas individuales no trabajadas (12m móviles),Secretaría de Trabajo — Estadísticas de conflictos laborales
2016-06-01,jornadas_individuales_no_trabajadas_12m,7204725,jornadas individuales no trabajadas (12m móviles),Secretaría de Trabajo — Estadísticas de conflictos laborales
2016-05-01,jornadas_individuales_no_trabajadas_12m,7101638,jornadas individuales no trabajadas (12m móviles),Secretaría de Trabajo — Estadísticas de conflictos laborales
2016-04-01,jornadas_individuales_no_trabajadas_12m,6950265,jornadas individuales no trabajadas (12m móviles),Secretaría de Trabajo — Estadísticas de conflictos laborales
2016-03-01,jornadas_individuales_no_trabajadas_12m,5240220,jornadas individuales no trabajadas (12m móviles),Secretaría de Trabajo — Estadísticas de conflictos laborales
2016-02-01,jornadas_individuales_no_trabajadas_12m,5143791,jornadas individuales no trabajadas (12m móviles),Secretaría de Trabajo — Estadísticas de conflictos laborales
2016-01-01,jornadas_individuales_no_trabajadas_12m,4952132,jornadas individuales no trabajadas (12m móviles),Secretaría de Trabajo — Estadísticas de conflictos laborales
2015-12-01,jornadas_individuales_no_trabajadas_12m,4955667,jornadas individuales no trabajadas (12m móviles),Secretaría de Trabajo — Estadísticas de conflictos laborales
2015-11-01,jornadas_individuales_no_trabajadas_12m,5280761,jornadas individuales no trabajadas (12m móviles),Secretaría de Trabajo — Estadísticas de conflictos laborales
2015-10-01,jornadas_individuales_no_trabajadas_12m,6027670,jornadas individuales no trabajadas (12m móviles),Secretaría de Trabajo — Estadísticas de conflictos laborales
2015-09-01,jornadas_individuales_no_trabajadas_12m,6585469,jornadas individuales no trabajadas (12m móviles),Secretaría de Trabajo — Estadísticas de conflictos laborales
2015-08-01,jornadas_individuales_no_trabajadas_12m,6500568,jornadas individuales no trabajadas (12m móviles),Secretaría de Trabajo — Estadísticas de conflictos laborales
2015-07-01,jornadas_individuales_no_trabajadas_12m,6951631,jornadas individuales no trabajadas (12m móviles),Secretaría de Trabajo — Estadísticas de conflictos laborales
2015-06-01,jornadas_individuales_no_trabajadas_12m,7084748,jornadas individuales no trabajadas (12m móviles),Secretaría de Trabajo — Estadísticas de conflictos laborales
2015-05-01,jornadas_individuales_no_trabajadas_12m,7422676,jornadas individuales no trabajadas (12m móviles),Secretaría de Trabajo — Estadísticas de conflictos laborales
2015-04-01,jornadas_individuales_no_trabajadas_12m,7228951,jornadas individuales no trabajadas (12m móviles),Secretaría de Trabajo — Estadísticas de conflictos laborales
2015-03-01,jornadas_individuales_no_trabajadas_12m,7748857,jornadas individuales no trabajadas (12m móviles),Secretaría de Trabajo — Estadísticas de conflictos laborales
2015-02-01,jornadas_individuales_no_trabajadas_12m,10635447,jornadas individuales no trabajadas (12m móviles),Secretaría de Trabajo — Estadísticas de conflictos laborales
2015-01-01,jornadas_individuales_no_trabajadas_12m,10965925,jornadas individuales no trabajadas (12m móviles),Secretaría de Trabajo — Estadísticas de conflictos laborales
2014-12-01,jornadas_individuales_no_trabajadas_12m,11036819,jornadas individuales no trabajadas (12m móviles),Secretaría de Trabajo — Estadísticas de conflictos laborales
2014-11-01,jornadas_individuales_no_trabajadas_12m,11094039,jornadas individuales no trabajadas (12m móviles),Secretaría de Trabajo — Estadísticas de conflictos laborales
2014-10-01,jornadas_individuales_no_trabajadas_12m,10313459,jornadas individuales no trabajadas (12m móviles),Secretaría de Trabajo — Estadísticas de conflictos laborales
2014-09-01,jornadas_individuales_no_trabajadas_12m,10222126,jornadas individuales no trabajadas (12m móviles),Secretaría de Trabajo — Estadísticas de conflictos laborales
2014-08-01,jornadas_individuales_no_trabajadas_12m,10229054,jornadas individuales no trabajadas (12m móviles),Secretaría de Trabajo — Estadísticas de conflictos laborales
2014-07-01,jornadas_individuales_no_trabajadas_12m,9618974,jornadas individuales no trabajadas (12m móviles),Secretaría de Trabajo — Estadísticas de conflictos laborales
2014-06-01,jornadas_individuales_no_trabajadas_12m,9541215,jornadas individuales no trabajadas (12m móviles),Secretaría de Trabajo — Estadísticas de conflictos laborales
2014-05-01,jornadas_individuales_no_trabajadas_12m,9182522,jornadas individuales no trabajadas (12m móviles),Secretaría de Trabajo — Estadísticas de conflictos laborales
2014-04-01,jornadas_individuales_no_trabajadas_12m,9607408,jornadas individuales no trabajadas (12m móviles),Secretaría de Trabajo — Estadísticas de conflictos laborales
2014-03-01,jornadas_individuales_no_trabajadas_12m,9314750,jornadas individuales no trabajadas (12m móviles),Secretaría de Trabajo — Estadísticas de conflictos laborales
2014-02-01,jornadas_individuales_no_trabajadas_12m,7359807,jornadas individuales no trabajadas (12m móviles),Secretaría de Trabajo — Estadísticas de conflictos laborales
2014-01-01,jornadas_individuales_no_trabajadas_12m,7781899,jornadas individuales no trabajadas (12m móviles),Secretaría de Trabajo — Estadísticas de conflictos laborales
2013-12-01,jornadas_individuales_no_trabajadas_12m,7643731,jornadas individuales no trabajadas (12m móviles),Secretaría de Trabajo — Estadísticas de conflictos laborales
2013-11-01,jornadas_individuales_no_trabajadas_12m,7275220,jornadas individuales no trabajadas (12m móviles),Secretaría de Trabajo — Estadísticas de conflictos laborales
2013-10-01,jornadas_individuales_no_trabajadas_12m,7718216,jornadas individuales no trabajadas (12m móviles),Secretaría de Trabajo — Estadísticas de conflictos laborales
2013-09-01,jornadas_individuales_no_trabajadas_12m,7851431,jornadas individuales no trabajadas (12m móviles),Secretaría de Trabajo — Estadísticas de conflictos laborales
2013-08-01,jornadas_individuales_no_trabajadas_12m,7976283,jornadas individuales no trabajadas (12m móviles),Secretaría de Trabajo — Estadísticas de conflictos laborales
2013-07-01,jornadas_individuales_no_trabajadas_12m,8352591,jornadas individuales no trabajadas (12m móviles),Secretaría de Trabajo — Estadísticas de conflictos laborales
2013-06-01,jornadas_individuales_no_trabajadas_12m,9242832,jornadas individuales no trabajadas (12m móviles),Secretaría de Trabajo — Estadísticas de conflictos laborales
2013-05-01,jornadas_individuales_no_trabajadas_12m,9501303,jornadas individuales no trabajadas (12m móviles),Secretaría de Trabajo — Estadísticas de conflictos laborales
2013-04-01,jornadas_individuales_no_trabajadas_12m,9204024,jornadas individuales no trabajadas (12m móviles),Secretaría de Trabajo — Estadísticas de conflictos laborales
2013-03-01,jornadas_individuales_no_trabajadas_12m,9169157,jornadas individuales no trabajadas (12m móviles),Secretaría de Trabajo — Estadísticas de conflictos laborales
2013-02-01,jornadas_individuales_no_trabajadas_12m,8497850,jornadas individuales no trabajadas (12m móviles),Secretaría de Trabajo — Estadísticas de conflictos laborales
2013-01-01,jornadas_individuales_no_trabajadas_12m,8116792,jornadas individuales no trabajadas (12m móviles),Secretaría de Trabajo — Estadísticas de conflictos laborales
2012-12-01,jornadas_individuales_no_trabajadas_12m,8189703,jornadas individuales no trabajadas (12m móviles),Secretaría de Trabajo — Estadísticas de conflictos laborales
2012-11-01,jornadas_individuales_no_trabajadas_12m,8255539,jornadas individuales no trabajadas (12m móviles),Secretaría de Trabajo — Estadísticas de conflictos laborales
2012-10-01,jornadas_individuales_no_trabajadas_12m,8101717,jornadas individuales no trabajadas (12m móviles),Secretaría de Trabajo — Estadísticas de conflictos laborales
2012-09-01,jornadas_individuales_no_trabajadas_12m,7648664,jornadas individuales no trabajadas (12m móviles),Secretaría de Trabajo — Estadísticas de conflictos laborales
2012-08-01,jornadas_individuales_no_trabajadas_12m,7579272,jornadas individuales no trabajadas (12m móviles),Secretaría de Trabajo — Estadísticas de conflictos laborales
2012-07-01,jornadas_individuales_no_trabajadas_12m,7161612,jornadas individuales no trabajadas (12m móviles),Secretaría de Trabajo — Estadísticas de conflictos laborales
2012-06-01,jornadas_individuales_no_trabajadas_12m,6128564,jornadas individuales no trabajadas (12m móviles),Secretaría de Trabajo — Estadísticas de conflictos laborales
2012-05-01,jornadas_individuales_no_trabajadas_12m,5900669,jornadas individuales no trabajadas (12m móviles),Secretaría de Trabajo — Estadísticas de conflictos laborales
2012-04-01,jornadas_individuales_no_trabajadas_12m,5622402,jornadas individuales no trabajadas (12m móviles),Secretaría de Trabajo — Estadísticas de conflictos laborales
2012-03-01,jornadas_individuales_no_trabajadas_12m,5686928,jornadas individuales no trabajadas (12m móviles),Secretaría de Trabajo — Estadísticas de conflictos laborales
2012-02-01,jornadas_individuales_no_trabajadas_12m,4615794,jornadas individuales no trabajadas (12m móviles),Secretaría de Trabajo — Estadísticas de conflictos laborales
2012-01-01,jornadas_individuales_no_trabajadas_12m,4168861,jornadas individuales no trabajadas (12m móviles),Secretaría de Trabajo — Estadísticas de conflictos laborales
2011-12-01,jornadas_individuales_no_trabajadas_12m,4131835,jornadas individuales no trabajadas (12m móviles),Secretaría de Trabajo — Estadísticas de conflictos laborales
2011-11-01,jornadas_individuales_no_trabajadas_12m,3982358,jornadas individuales no trabajadas (12m móviles),Secretaría de Trabajo — Estadísticas de conflictos laborales
2011-10-01,jornadas_individuales_no_trabajadas_12m,3945726,jornadas individuales no trabajadas (12m móviles),Secretaría de Trabajo — Estadísticas de conflictos laborales
2011-09-01,jornadas_individuales_no_trabajadas_12m,4274361,jornadas individuales no trabajadas (12m móviles),Secretaría de Trabajo — Estadísticas de conflictos laborales
2011-08-01,jornadas_individuales_no_trabajadas_12m,4327711,jornadas individuales no trabajadas (12m móviles),Secretaría de Trabajo — Estadísticas de conflictos laborales
2011-07-01,jornadas_individuales_no_trabajadas_12m,5067616,jornadas individuales no trabajadas (12m móviles),Secretaría de Trabajo — Estadísticas de conflictos laborales
2011-06-01,jornadas_individuales_no_trabajadas_12m,5209650,jornadas individuales no trabajadas (12m móviles),Secretaría de Trabajo — Estadísticas de conflictos laborales
2011-05-01,jornadas_individuales_no_trabajadas_12m,5300866,jornadas individuales no trabajadas (12m móviles),Secretaría de Trabajo — Estadísticas de conflictos laborales
2011-04-01,jornadas_individuales_no_trabajadas_12m,5494716,jornadas individuales no trabajadas (12m móviles),Secretaría de Trabajo — Estadísticas de conflictos laborales
2011-03-01,jornadas_individuales_no_trabajadas_12m,5737690,jornadas individuales no trabajadas (12m móviles),Secretaría de Trabajo — Estadísticas de conflictos laborales
2011-02-01,jornadas_individuales_no_trabajadas_12m,6767559,jornadas individuales no trabajadas (12m móviles),Secretaría de Trabajo — Estadísticas de conflictos laborales
2011-01-01,jornadas_individuales_no_trabajadas_12m,6683980,jornadas individuales no trabajadas (12m móviles),Secretaría de Trabajo — Estadísticas de conflictos laborales
2010-12-01,jornadas_individuales_no_trabajadas_12m,6674058,jornadas individuales no trabajadas (12m móviles),Secretaría de Trabajo — Estadísticas de conflictos laborales
2010-11-01,jornadas_individuales_no_trabajadas_12m,6862142,jornadas individuales no trabajadas (12m móviles),Secretaría de Trabajo — Estadísticas de conflictos laborales
2010-10-01,jornadas_individuales_no_trabajadas_12m,7730190,jornadas individuales no trabajadas (12m móviles),Secretaría de Trabajo — Estadísticas de conflictos laborales
2010-09-01,jornadas_individuales_no_trabajadas_12m,8019107,jornadas individuales no trabajadas (12m móviles),Secretaría de Trabajo — Estadísticas de conflictos laborales
2010-08-01,jornadas_individuales_no_trabajadas_12m,8246907,jornadas individuales no trabajadas (12m móviles),Secretaría de Trabajo — Estadísticas de conflictos laborales
2010-07-01,jornadas_individuales_no_trabajadas_12m,8068260,jornadas individuales no trabajadas (12m móviles),Secretaría de Trabajo — Estadísticas de conflictos laborales
2010-06-01,jornadas_individuales_no_trabajadas_12m,8296458,jornadas individuales no trabajadas (12m móviles),Secretaría de Trabajo — Estadísticas de conflictos laborales
2010-05-01,jornadas_individuales_no_trabajadas_12m,8210768,jornadas individuales no trabajadas (12m móviles),Secretaría de Trabajo — Estadísticas de conflictos laborales
2010-04-01,jornadas_individuales_no_trabajadas_12m,8013054,jornadas individuales no trabajadas (12m móviles),Secretaría de Trabajo — Estadísticas de conflictos laborales
2010-03-01,jornadas_individuales_no_trabajadas_12m,8314035,jornadas individuales no trabajadas (12m móviles),Secretaría de Trabajo — Estadísticas de conflictos laborales
2010-02-01,jornadas_individuales_no_trabajadas_12m,8826487,jornadas individuales no trabajadas (12m móviles),Secretaría de Trabajo — Estadísticas de conflictos laborales
2010-01-01,jornadas_individuales_no_trabajadas_12m,8884184,jornadas individuales no trabajadas (12m móviles),Secretaría de Trabajo — Estadísticas de conflictos laborales
2009-12-01,jornadas_individuales_no_trabajadas_12m,8932016,jornadas individuales no trabajadas (12m móviles),Secretaría de Trabajo — Estadísticas de conflictos laborales
2009-11-01,jornadas_individuales_no_trabajadas_12m,8975554,jornadas individuales no trabajadas (12m móviles),Secretaría de Trabajo — Estadísticas de conflictos laborales
2009-10-01,jornadas_individuales_no_trabajadas_12m,7926323,jornadas individuales no trabajadas (12m móviles),Secretaría de Trabajo — Estadísticas de conflictos laborales
2009-09-01,jornadas_individuales_no_trabajadas_12m,8345204,jornadas individuales no trabajadas (12m móviles),Secretaría de Trabajo — Estadísticas de conflictos laborales
2009-08-01,jornadas_individuales_no_trabajadas_12m,9181017,jornadas individuales no trabajadas (12m móviles),Secretaría de Trabajo — Estadísticas de conflictos laborales
2009-07-01,jornadas_individuales_no_trabajadas_12m,10084933,jornadas individuales no trabajadas (12m móviles),Secretaría de Trabajo — Estadísticas de conflictos laborales
2009-06-01,jornadas_individuales_no_trabajadas_12m,10200817,jornadas individuales no trabajadas (12m móviles),Secretaría de Trabajo — Estadísticas de conflictos laborales
2009-05-01,jornadas_individuales_no_trabajadas_12m,10384278,jornadas individuales no trabajadas (12m móviles),Secretaría de Trabajo — Estadísticas de conflictos laborales
2009-04-01,jornadas_individuales_no_trabajadas_12m,10437074,jornadas individuales no trabajadas (12m móviles),Secretaría de Trabajo — Estadísticas de conflictos laborales
2009-03-01,jornadas_individuales_no_trabajadas_12m,9929732,jornadas individuales no trabajadas (12m móviles),Secretaría de Trabajo — Estadísticas de conflictos laborales
2009-02-01,jornadas_individuales_no_trabajadas_12m,8354985,jornadas individuales no trabajadas (12m móviles),Secretaría de Trabajo — Estadísticas de conflictos laborales
2009-01-01,jornadas_individuales_no_trabajadas_12m,8294123,jornadas individuales no trabajadas (12m móviles),Secretaría de Trabajo — Estadísticas de conflictos laborales
2008-12-01,jornadas_individuales_no_trabajadas_12m,8300793,jornadas individuales no trabajadas (12m móviles),Secretaría de Trabajo — Estadísticas de conflictos laborales
2008-11-01,jornadas_individuales_no_trabajadas_12m,8142878,jornadas individuales no trabajadas (12m móviles),Secretaría de Trabajo — Estadísticas de conflictos laborales
2008-10-01,jornadas_individuales_no_trabajadas_12m,8521833,jornadas individuales no trabajadas (12m móviles),Secretaría de Trabajo — Estadísticas de conflictos laborales
2008-09-01,jornadas_individuales_no_trabajadas_12m,8415037,jornadas individuales no trabajadas (12m móviles),Secretaría de Trabajo — Estadísticas de conflictos laborales
2008-08-01,jornadas_individuales_no_trabajadas_12m,7838677,jornadas individuales no trabajadas (12m móviles),Secretaría de Trabajo — Estadísticas de conflictos laborales
2008-07-01,jornadas_individuales_no_trabajadas_12m,7316265,jornadas individuales no trabajadas (12m móviles),Secretaría de Trabajo — Estadísticas de conflictos laborales
2008-06-01,jornadas_individuales_no_trabajadas_12m,7203292,jornadas individuales no trabajadas (12m móviles),Secretaría de Trabajo — Estadísticas de conflictos laborales
2008-05-01,jornadas_individuales_no_trabajadas_12m,6984360,jornadas individuales no trabajadas (12m móviles),Secretaría de Trabajo — Estadísticas de conflictos laborales
2008-04-01,jornadas_individuales_no_trabajadas_12m,7082643,jornadas individuales no trabajadas (12m móviles),Secretaría de Trabajo — Estadísticas de conflictos laborales
2008-03-01,jornadas_individuales_no_trabajadas_12m,7146110,jornadas individuales no trabajadas (12m móviles),Secretaría de Trabajo — Estadísticas de conflictos laborales
2008-02-01,jornadas_individuales_no_trabajadas_12m,7871600,jornadas individuales no trabajadas (12m móviles),Secretaría de Trabajo — Estadísticas de conflictos laborales
2008-01-01,jornadas_individuales_no_trabajadas_12m,7915176,jornadas individuales no trabajadas (12m móviles),Secretaría de Trabajo — Estadísticas de conflictos laborales
2007-12-01,jornadas_individuales_no_trabajadas_12m,7820255,jornadas individuales no trabajadas (12m móviles),Secretaría de Trabajo — Estadísticas de conflictos laborales
2007-11-01,jornadas_individuales_no_trabajadas_12m,7989511,jornadas individuales no trabajadas (12m móviles),Secretaría de Trabajo — Estadísticas de conflictos laborales
2007-10-01,jornadas_individuales_no_trabajadas_12m,8577393,jornadas individuales no trabajadas (12m móviles),Secretaría de Trabajo — Estadísticas de conflictos laborales
2007-09-01,jornadas_individuales_no_trabajadas_12m,8192304,jornadas individuales no trabajadas (12m móviles),Secretaría de Trabajo — Estadísticas de conflictos laborales
2007-08-01,jornadas_individuales_no_trabajadas_12m,7708144,jornadas individuales no trabajadas (12m móviles),Secretaría de Trabajo — Estadísticas de conflictos laborales
2007-07-01,jornadas_individuales_no_trabajadas_12m,6961913,jornadas individuales no trabajadas (12m móviles),Secretaría de Trabajo — Estadísticas de conflictos laborales
2007-06-01,jornadas_individuales_no_trabajadas_12m,6573914,jornadas individuales no trabajadas (12m móviles),Secretaría de Trabajo — Estadísticas de conflictos laborales
2007-05-01,jornadas_individuales_no_trabajadas_12m,6484528,jornadas individuales no trabajadas (12m móviles),Secretaría de Trabajo — Estadísticas de conflictos laborales
2007-04-01,jornadas_individuales_no_trabajadas_12m,6461433,jornadas individuales no trabajadas (12m móviles),Secretaría de Trabajo — Estadísticas de conflictos laborales
2007-03-01,jornadas_individuales_no_trabajadas_12m,6434999,jornadas individuales no trabajadas (12m móviles),Secretaría de Trabajo — Estadísticas de conflictos laborales
2007-02-01,jornadas_individuales_no_trabajadas_12m,5950101,jornadas individuales no trabajadas (12m móviles),Secretaría de Trabajo — Estadísticas de conflictos laborales
2007-01-01,jornadas_individuales_no_trabajadas_12m,5935151,jornadas individuales no trabajadas (12m móviles),Secretaría de Trabajo — Estadísticas de conflictos laborales
2006-12-01,jornadas_individuales_no_trabajadas_12m,5972813,jornadas individuales no trabajadas (12m móviles),Secretaría de Trabajo — Estadísticas de conflictos laborales
2025-12-01,iaf_transferencias,1.6,% i.a. real,RON Hacienda (planilla mensual) + IPC INDEC deflactado mes a mes
2024-12-01,iaf_transferencias,-9.8,% i.a. real,RON Hacienda (planilla mensual) + IPC INDEC deflactado mes a mes
2023-12-01,iaf_transferencias,-4.4,% i.a. real,RON Hacienda (planilla mensual) + IPC INDEC deflactado mes a mes
2022-12-01,iaf_transferencias,6.3,% i.a. real,RON Hacienda (planilla mensual) + IPC INDEC deflactado mes a mes
2021-12-01,iaf_transferencias,7.3,% i.a. real,RON Hacienda (planilla mensual) + IPC INDEC deflactado mes a mes
2020-12-01,iaf_transferencias,-4.1,% i.a. real,RON Hacienda (planilla mensual) + IPC INDEC deflactado mes a mes
2019-12-01,iaf_transferencias,-1.4,% i.a. real,RON Hacienda (planilla mensual) + IPC INDEC deflactado mes a mes
2018-12-01,iaf_transferencias,6.7,% i.a. real,RON Hacienda (planilla mensual) + IPC INDEC deflactado mes a mes
2026-08-01,eficacia_legislativa,14.3,% proyectos PE aprobados (12m móviles),Cámara de Diputados (datos abiertos)
2026-07-01,eficacia_legislativa,13.3,% proyectos PE aprobados (12m móviles),Cámara de Diputados (datos abiertos)
2026-06-01,eficacia_legislativa,22.2,% proyectos PE aprobados (12m móviles),Cámara de Diputados (datos abiertos)
2026-05-01,eficacia_legislativa,15.8,% proyectos PE aprobados (12m móviles),Cámara de Diputados (datos abiertos)
2026-04-01,eficacia_legislativa,19.0,% proyectos PE aprobados (12m móviles),Cámara de Diputados (datos abiertos)
2026-03-01,eficacia_legislativa,30.8,% proyectos PE aprobados (12m móviles),Cámara de Diputados (datos abiertos)
2026-02-01,eficacia_legislativa,28.0,% proyectos PE aprobados (12m móviles),Cámara de Diputados (datos abiertos)
2026-01-01,eficacia_legislativa,25.0,% proyectos PE aprobados (12m móviles),Cámara de Diputados (datos abiertos)
2025-12-01,eficacia_legislativa,25.0,% proyectos PE aprobados (12m móviles),Cámara de Diputados (datos abiertos)
2025-11-01,eficacia_legislativa,28.0,% proyectos PE aprobados (12m móviles),Cámara de Diputados (datos abiertos)
2025-10-01,eficacia_legislativa,29.2,% proyectos PE aprobados (12m móviles),Cámara de Diputados (datos abiertos)
2025-09-01,eficacia_legislativa,31.8,% proyectos PE aprobados (12m móviles),Cámara de Diputados (datos abiertos)
2025-08-01,eficacia_legislativa,29.0,% proyectos PE aprobados (12m móviles),Cámara de Diputados (datos abiertos)
2025-07-01,eficacia_legislativa,31.0,% proyectos PE aprobados (12m móviles),Cámara de Diputados (datos abiertos)
2025-06-01,eficacia_legislativa,29.6,% proyectos PE aprobados (12m móviles),Cámara de Diputados (datos abiertos)
2025-05-01,eficacia_legislativa,27.6,% proyectos PE aprobados (12m móviles),Cámara de Diputados (datos abiertos)
2025-04-01,eficacia_legislativa,20.6,% proyectos PE aprobados (12m móviles),Cámara de Diputados (datos abiertos)
2025-03-01,eficacia_legislativa,10.3,% proyectos PE aprobados (12m móviles),Cámara de Diputados (datos abiertos)
2025-02-01,eficacia_legislativa,13.3,% proyectos PE aprobados (12m móviles),Cámara de Diputados (datos abiertos)
2025-01-01,eficacia_legislativa,13.3,% proyectos PE aprobados (12m móviles),Cámara de Diputados (datos abiertos)
2024-12-01,eficacia_legislativa,13.8,% proyectos PE aprobados (12m móviles),Cámara de Diputados (datos abiertos)
2024-11-01,eficacia_legislativa,10.3,% proyectos PE aprobados (12m móviles),Cámara de Diputados (datos abiertos)
2024-10-01,eficacia_legislativa,10.7,% proyectos PE aprobados (12m móviles),Cámara de Diputados (datos abiertos)
2024-09-01,eficacia_legislativa,7.7,% proyectos PE aprobados (12m móviles),Cámara de Diputados (datos abiertos)
2024-08-01,eficacia_legislativa,21.1,% proyectos PE aprobados (12m móviles),Cámara de Diputados (datos abiertos)
2024-07-01,eficacia_legislativa,25.0,% proyectos PE aprobados (12m móviles),Cámara de Diputados (datos abiertos)
2024-06-01,eficacia_legislativa,26.3,% proyectos PE aprobados (12m móviles),Cámara de Diputados (datos abiertos)
2024-05-01,eficacia_legislativa,26.3,% proyectos PE aprobados (12m móviles),Cámara de Diputados (datos abiertos)
2024-04-01,eficacia_legislativa,36.8,% proyectos PE aprobados (12m móviles),Cámara de Diputados (datos abiertos)
2024-03-01,eficacia_legislativa,38.1,% proyectos PE aprobados (12m móviles),Cámara de Diputados (datos abiertos)
2024-02-01,eficacia_legislativa,31.8,% proyectos PE aprobados (12m móviles),Cámara de Diputados (datos abiertos)
2024-01-01,eficacia_legislativa,30.4,% proyectos PE aprobados (12m móviles),Cámara de Diputados (datos abiertos)
2023-12-01,eficacia_legislativa,36.0,% proyectos PE aprobados (12m móviles),Cámara de Diputados (datos abiertos)
2026-08-27,desafios_legislativos,3.0,normas desafiadas en el recinto (12m),Actas de Diputados y Senado + InfoLeg — elaboración CIGOB
2026-07-31,desafios_legislativos,10.0,normas desafiadas en el recinto (12m),Actas de Diputados y Senado + InfoLeg — elaboración CIGOB
2026-06-30,desafios_legislativos,11.0,normas desafiadas en el recinto (12m),Actas de Diputados y Senado + InfoLeg — elaboración CIGOB
2026-05-31,desafios_legislativos,11.0,normas desafiadas en el recinto (12m),Actas de Diputados y Senado + InfoLeg — elaboración CIGOB
2026-04-30,desafios_legislativos,11.0,normas desafiadas en el recinto (12m),Actas de Diputados y Senado + InfoLeg — elaboración CIGOB
2026-03-31,desafios_legislativos,11.0,normas desafiadas en el recinto (12m),Actas de Diputados y Senado + InfoLeg — elaboración CIGOB
2026-02-28,desafios_legislativos,12.0,normas desafiadas en el recinto (12m),Actas de Diputados y Senado + InfoLeg — elaboración CIGOB
2026-01-31,desafios_legislativos,12.0,normas desafiadas en el recinto (12m),Actas de Diputados y Senado + InfoLeg — elaboración CIGOB
2025-12-31,desafios_legislativos,12.0,normas desafiadas en el recinto (12m),Actas de Diputados y Senado + InfoLeg — elaboración CIGOB
2025-11-30,desafios_legislativos,12.0,normas desafiadas en el recinto (12m),Actas de Diputados y Senado + InfoLeg — elaboración CIGOB
2025-10-31,desafios_legislativos,12.0,normas desafiadas en el recinto (12m),Actas de Diputados y Senado + InfoLeg — elaboración CIGOB
2025-09-30,desafios_legislativos,13.0,normas desafiadas en el recinto (12m),Actas de Diputados y Senado + InfoLeg — elaboración CIGOB
2025-08-31,desafios_legislativos,11.0,normas desafiadas en el recinto (12m),Actas de Diputados y Senado + InfoLeg — elaboración CIGOB
2025-07-31,desafios_legislativos,5.0,normas desafiadas en el recinto (12m),Actas de Diputados y Senado + InfoLeg — elaboración CIGOB
2025-06-30,desafios_legislativos,4.0,normas desafiadas en el recinto (12m),Actas de Diputados y Senado + InfoLeg — elaboración CIGOB
2025-05-31,desafios_legislativos,4.0,normas desafiadas en el recinto (12m),Actas de Diputados y Senado + InfoLeg — elaboración CIGOB
2025-04-30,desafios_legislativos,4.0,normas desafiadas en el recinto (12m),Actas de Diputados y Senado + InfoLeg — elaboración CIGOB
2025-03-31,desafios_legislativos,4.0,normas desafiadas en el recinto (12m),Actas de Diputados y Senado + InfoLeg — elaboración CIGOB
2025-02-28,desafios_legislativos,4.0,normas desafiadas en el recinto (12m),Actas de Diputados y Senado + InfoLeg — elaboración CIGOB
2025-01-31,desafios_legislativos,4.0,normas desafiadas en el recinto (12m),Actas de Diputados y Senado + InfoLeg — elaboración CIGOB
2024-12-31,desafios_legislativos,4.0,normas desafiadas en el recinto (12m),Actas de Diputados y Senado + InfoLeg — elaboración CIGOB
2024-11-30,desafios_legislativos,4.0,normas desafiadas en el recinto (12m),Actas de Diputados y Senado + InfoLeg — elaboración CIGOB
2024-10-31,desafios_legislativos,4.0,normas desafiadas en el recinto (12m),Actas de Diputados y Senado + InfoLeg — elaboración CIGOB
2024-09-30,desafios_legislativos,3.0,normas desafiadas en el recinto (12m),Actas de Diputados y Senado + InfoLeg — elaboración CIGOB
2024-08-31,desafios_legislativos,2.0,normas desafiadas en el recinto (12m),Actas de Diputados y Senado + InfoLeg — elaboración CIGOB
2024-07-31,desafios_legislativos,1.0,normas desafiadas en el recinto (12m),Actas de Diputados y Senado + InfoLeg — elaboración CIGOB
2024-06-30,desafios_legislativos,1.0,normas desafiadas en el recinto (12m),Actas de Diputados y Senado + InfoLeg — elaboración CIGOB
2024-05-31,desafios_legislativos,1.0,normas desafiadas en el recinto (12m),Actas de Diputados y Senado + InfoLeg — elaboración CIGOB
2024-04-30,desafios_legislativos,1.0,normas desafiadas en el recinto (12m),Actas de Diputados y Senado + InfoLeg — elaboración CIGOB
2024-03-31,desafios_legislativos,1.0,normas desafiadas en el recinto (12m),Actas de Diputados y Senado + InfoLeg — elaboración CIGOB
2024-02-29,desafios_legislativos,0.0,normas desafiadas en el recinto (12m),Actas de Diputados y Senado + InfoLeg — elaboración CIGOB
2024-01-31,desafios_legislativos,0.0,normas desafiadas en el recinto (12m),Actas de Diputados y Senado + InfoLeg — elaboración CIGOB
2023-12-31,desafios_legislativos,0.0,normas desafiadas en el recinto (12m),Actas de Diputados y Senado + InfoLeg — elaboración CIGOB
2026-08-27,derrotas_legislativas,3,derrotas del Ejecutivo en el recinto (12m móviles),InfoLeg + actas del Senado — elaboración CIGOB
2026-07-31,derrotas_legislativas,8,derrotas del Ejecutivo en el recinto (12m móviles),InfoLeg + actas del Senado — elaboración CIGOB
2026-06-30,derrotas_legislativas,8,derrotas del Ejecutivo en el recinto (12m móviles),InfoLeg + actas del Senado — elaboración CIGOB
2026-05-31,derrotas_legislativas,8,derrotas del Ejecutivo en el recinto (12m móviles),InfoLeg + actas del Senado — elaboración CIGOB
2026-04-30,derrotas_legislativas,8,derrotas del Ejecutivo en el recinto (12m móviles),InfoLeg + actas del Senado — elaboración CIGOB
2026-03-31,derrotas_legislativas,8,derrotas del Ejecutivo en el recinto (12m móviles),InfoLeg + actas del Senado — elaboración CIGOB
2026-02-28,derrotas_legislativas,8,derrotas del Ejecutivo en el recinto (12m móviles),InfoLeg + actas del Senado — elaboración CIGOB
2026-01-31,derrotas_legislativas,8,derrotas del Ejecutivo en el recinto (12m móviles),InfoLeg + actas del Senado — elaboración CIGOB
2025-12-31,derrotas_legislativas,8,derrotas del Ejecutivo en el recinto (12m móviles),InfoLeg + actas del Senado — elaboración CIGOB
2025-11-30,derrotas_legislativas,8,derrotas del Ejecutivo en el recinto (12m móviles),InfoLeg + actas del Senado — elaboración CIGOB
2025-10-31,derrotas_legislativas,8,derrotas del Ejecutivo en el recinto (12m móviles),InfoLeg + actas del Senado — elaboración CIGOB
2025-09-30,derrotas_legislativas,6,derrotas del Ejecutivo en el recinto (12m móviles),InfoLeg + actas del Senado — elaboración CIGOB
2025-08-31,derrotas_legislativas,5,derrotas del Ejecutivo en el recinto (12m móviles),InfoLeg + actas del Senado — elaboración CIGOB
2025-07-31,derrotas_legislativas,1,derrotas del Ejecutivo en el recinto (12m móviles),InfoLeg + actas del Senado — elaboración CIGOB
2025-06-30,derrotas_legislativas,1,derrotas del Ejecutivo en el recinto (12m móviles),InfoLeg + actas del Senado — elaboración CIGOB
2025-05-31,derrotas_legislativas,1,derrotas del Ejecutivo en el recinto (12m móviles),InfoLeg + actas del Senado — elaboración CIGOB
2025-04-30,derrotas_legislativas,1,derrotas del Ejecutivo en el recinto (12m móviles),InfoLeg + actas del Senado — elaboración CIGOB
2025-03-31,derrotas_legislativas,1,derrotas del Ejecutivo en el recinto (12m móviles),InfoLeg + actas del Senado — elaboración CIGOB
2025-02-28,derrotas_legislativas,2,derrotas del Ejecutivo en el recinto (12m móviles),InfoLeg + actas del Senado — elaboración CIGOB
2025-01-31,derrotas_legislativas,2,derrotas del Ejecutivo en el recinto (12m móviles),InfoLeg + actas del Senado — elaboración CIGOB
2024-12-31,derrotas_legislativas,2,derrotas del Ejecutivo en el recinto (12m móviles),InfoLeg + actas del Senado — elaboración CIGOB
2024-11-30,derrotas_legislativas,2,derrotas del Ejecutivo en el recinto (12m móviles),InfoLeg + actas del Senado — elaboración CIGOB
2024-10-31,derrotas_legislativas,2,derrotas del Ejecutivo en el recinto (12m móviles),InfoLeg + actas del Senado — elaboración CIGOB
2024-09-30,derrotas_legislativas,2,derrotas del Ejecutivo en el recinto (12m móviles),InfoLeg + actas del Senado — elaboración CIGOB
2024-08-31,derrotas_legislativas,2,derrotas del Ejecutivo en el recinto (12m móviles),InfoLeg + actas del Senado — elaboración CIGOB
2024-07-31,derrotas_legislativas,1,derrotas del Ejecutivo en el recinto (12m móviles),InfoLeg + actas del Senado — elaboración CIGOB
2024-06-30,derrotas_legislativas,1,derrotas del Ejecutivo en el recinto (12m móviles),InfoLeg + actas del Senado — elaboración CIGOB
2024-05-31,derrotas_legislativas,1,derrotas del Ejecutivo en el recinto (12m móviles),InfoLeg + actas del Senado — elaboración CIGOB
2024-04-30,derrotas_legislativas,1,derrotas del Ejecutivo en el recinto (12m móviles),InfoLeg + actas del Senado — elaboración CIGOB
2024-03-31,derrotas_legislativas,1,derrotas del Ejecutivo en el recinto (12m móviles),InfoLeg + actas del Senado — elaboración CIGOB
2024-02-29,derrotas_legislativas,0,derrotas del Ejecutivo en el recinto (12m móviles),InfoLeg + actas del Senado — elaboración CIGOB
2024-01-31,derrotas_legislativas,0,derrotas del Ejecutivo en el recinto (12m móviles),InfoLeg + actas del Senado — elaboración CIGOB
2023-12-31,derrotas_legislativas,0,derrotas del Ejecutivo en el recinto (12m móviles),InfoLeg + actas del Senado — elaboración CIGOB
2026-07-01,conflictividad_nacional,-24.0,% var. eventos de protesta y disturbios en el país vs 2023 (12m móviles),ACLED — agregado semanal por provincia (elaboración CIGOB)
2026-06-01,conflictividad_nacional,-23.0,% var. eventos de protesta y disturbios en el país vs 2023 (12m móviles),ACLED — agregado semanal por provincia (elaboración CIGOB)
2026-05-01,conflictividad_nacional,-21.4,% var. eventos de protesta y disturbios en el país vs 2023 (12m móviles),ACLED — agregado semanal por provincia (elaboración CIGOB)
2026-04-01,conflictividad_nacional,-26.4,% var. eventos de protesta y disturbios en el país vs 2023 (12m móviles),ACLED — agregado semanal por provincia (elaboración CIGOB)
2026-03-01,conflictividad_nacional,-31.9,% var. eventos de protesta y disturbios en el país vs 2023 (12m móviles),ACLED — agregado semanal por provincia (elaboración CIGOB)
2026-02-01,conflictividad_nacional,-32.7,% var. eventos de protesta y disturbios en el país vs 2023 (12m móviles),ACLED — agregado semanal por provincia (elaboración CIGOB)
2026-01-01,conflictividad_nacional,-31.0,% var. eventos de protesta y disturbios en el país vs 2023 (12m móviles),ACLED — agregado semanal por provincia (elaboración CIGOB)
2025-12-01,conflictividad_nacional,-33.1,% var. eventos de protesta y disturbios en el país vs 2023 (12m móviles),ACLED — agregado semanal por provincia (elaboración CIGOB)
2025-11-01,conflictividad_nacional,-34.2,% var. eventos de protesta y disturbios en el país vs 2023 (12m móviles),ACLED — agregado semanal por provincia (elaboración CIGOB)
2025-10-01,conflictividad_nacional,-33.1,% var. eventos de protesta y disturbios en el país vs 2023 (12m móviles),ACLED — agregado semanal por provincia (elaboración CIGOB)
2025-09-01,conflictividad_nacional,-27.3,% var. eventos de protesta y disturbios en el país vs 2023 (12m móviles),ACLED — agregado semanal por provincia (elaboración CIGOB)
2025-08-01,conflictividad_nacional,-27.8,% var. eventos de protesta y disturbios en el país vs 2023 (12m móviles),ACLED — agregado semanal por provincia (elaboración CIGOB)
2025-07-01,conflictividad_nacional,-29.1,% var. eventos de protesta y disturbios en el país vs 2023 (12m móviles),ACLED — agregado semanal por provincia (elaboración CIGOB)
2025-06-01,conflictividad_nacional,-30.2,% var. eventos de protesta y disturbios en el país vs 2023 (12m móviles),ACLED — agregado semanal por provincia (elaboración CIGOB)
2025-05-01,conflictividad_nacional,-30.9,% var. eventos de protesta y disturbios en el país vs 2023 (12m móviles),ACLED — agregado semanal por provincia (elaboración CIGOB)
2025-04-01,conflictividad_nacional,-28.3,% var. eventos de protesta y disturbios en el país vs 2023 (12m móviles),ACLED — agregado semanal por provincia (elaboración CIGOB)
2025-03-01,conflictividad_nacional,-27.1,% var. eventos de protesta y disturbios en el país vs 2023 (12m móviles),ACLED — agregado semanal por provincia (elaboración CIGOB)
2025-02-01,conflictividad_nacional,-27.7,% var. eventos de protesta y disturbios en el país vs 2023 (12m móviles),ACLED — agregado semanal por provincia (elaboración CIGOB)
2025-01-01,conflictividad_nacional,-32.7,% var. eventos de protesta y disturbios en el país vs 2023 (12m móviles),ACLED — agregado semanal por provincia (elaboración CIGOB)
2024-12-01,conflictividad_nacional,-27.7,% var. eventos de protesta y disturbios en el país vs 2023 (12m móviles),ACLED — agregado semanal por provincia (elaboración CIGOB)
2024-11-01,conflictividad_nacional,-23.9,% var. eventos de protesta y disturbios en el país vs 2023 (12m móviles),ACLED — agregado semanal por provincia (elaboración CIGOB)
2024-10-01,conflictividad_nacional,-25.0,% var. eventos de protesta y disturbios en el país vs 2023 (12m móviles),ACLED — agregado semanal por provincia (elaboración CIGOB)
2024-09-01,conflictividad_nacional,-30.7,% var. eventos de protesta y disturbios en el país vs 2023 (12m móviles),ACLED — agregado semanal por provincia (elaboración CIGOB)
2024-08-01,conflictividad_nacional,-29.8,% var. eventos de protesta y disturbios en el país vs 2023 (12m móviles),ACLED — agregado semanal por provincia (elaboración CIGOB)
2024-07-01,conflictividad_nacional,-28.4,% var. eventos de protesta y disturbios en el país vs 2023 (12m móviles),ACLED — agregado semanal por provincia (elaboración CIGOB)
2024-06-01,conflictividad_nacional,-18.5,% var. eventos de protesta y disturbios en el país vs 2023 (12m móviles),ACLED — agregado semanal por provincia (elaboración CIGOB)
2024-05-01,conflictividad_nacional,-12.5,% var. eventos de protesta y disturbios en el país vs 2023 (12m móviles),ACLED — agregado semanal por provincia (elaboración CIGOB)
2024-04-01,conflictividad_nacional,-12.4,% var. eventos de protesta y disturbios en el país vs 2023 (12m móviles),ACLED — agregado semanal por provincia (elaboración CIGOB)
2024-03-01,conflictividad_nacional,-5.8,% var. eventos de protesta y disturbios en el país vs 2023 (12m móviles),ACLED — agregado semanal por provincia (elaboración CIGOB)
2024-02-01,conflictividad_nacional,-0.1,% var. eventos de protesta y disturbios en el país vs 2023 (12m móviles),ACLED — agregado semanal por provincia (elaboración CIGOB)
2024-01-01,conflictividad_nacional,2.7,% var. eventos de protesta y disturbios en el país vs 2023 (12m móviles),ACLED — agregado semanal por provincia (elaboración CIGOB)
2023-12-01,conflictividad_nacional,0.0,% var. eventos de protesta y disturbios en el país vs 2023 (12m móviles),ACLED — agregado semanal por provincia (elaboración CIGOB)
2026-08-01,comisiones_caidas,97.2,% con dictamen sin sanción (12m móviles),Cámara de Diputados (datos abiertos)
2026-07-01,comisiones_caidas,97.1,% con dictamen sin sanción (12m móviles),Cámara de Diputados (datos abiertos)
2026-06-01,comisiones_caidas,97.2,% con dictamen sin sanción (12m móviles),Cámara de Diputados (datos abiertos)
2026-05-01,comisiones_caidas,97.9,% con dictamen sin sanción (12m móviles),Cámara de Diputados (datos abiertos)
2026-04-01,comisiones_caidas,99.6,% con dictamen sin sanción (12m móviles),Cámara de Diputados (datos abiertos)
2026-03-01,comisiones_caidas,99.8,% con dictamen sin sanción (12m móviles),Cámara de Diputados (datos abiertos)
2026-02-01,comisiones_caidas,99.8,% con dictamen sin sanción (12m móviles),Cámara de Diputados (datos abiertos)
2026-01-01,comisiones_caidas,99.8,% con dictamen sin sanción (12m móviles),Cámara de Diputados (datos abiertos)
2025-12-01,comisiones_caidas,99.8,% con dictamen sin sanción (12m móviles),Cámara de Diputados (datos abiertos)
2025-11-01,comisiones_caidas,99.8,% con dictamen sin sanción (12m móviles),Cámara de Diputados (datos abiertos)
2025-10-01,comisiones_caidas,99.8,% con dictamen sin sanción (12m móviles),Cámara de Diputados (datos abiertos)
2025-09-01,comisiones_caidas,99.7,% con dictamen sin sanción (12m móviles),Cámara de Diputados (datos abiertos)
2025-08-01,comisiones_caidas,99.5,% con dictamen sin sanción (12m móviles),Cámara de Diputados (datos abiertos)
2025-07-01,comisiones_caidas,98.8,% con dictamen sin sanción (12m móviles),Cámara de Diputados (datos abiertos)
2025-06-01,comisiones_caidas,98.3,% con dictamen sin sanción (12m móviles),Cámara de Diputados (datos abiertos)
2025-05-01,comisiones_caidas,96.7,% con dictamen sin sanción (12m móviles),Cámara de Diputados (datos abiertos)
2025-04-01,comisiones_caidas,96.4,% con dictamen sin sanción (12m móviles),Cámara de Diputados (datos abiertos)
2025-03-01,comisiones_caidas,96.4,% con dictamen sin sanción (12m móviles),Cámara de Diputados (datos abiertos)
2025-02-01,comisiones_caidas,96.0,% con dictamen sin sanción (12m móviles),Cámara de Diputados (datos abiertos)
2025-01-01,comisiones_caidas,95.8,% con dictamen sin sanción (12m móviles),Cámara de Diputados (datos abiertos)
2024-12-01,comisiones_caidas,95.8,% con dictamen sin sanción (12m móviles),Cámara de Diputados (datos abiertos)
2024-11-01,comisiones_caidas,95.8,% con dictamen sin sanción (12m móviles),Cámara de Diputados (datos abiertos)
2024-10-01,comisiones_caidas,94.7,% con dictamen sin sanción (12m móviles),Cámara de Diputados (datos abiertos)
2024-09-01,comisiones_caidas,97.8,% con dictamen sin sanción (12m móviles),Cámara de Diputados (datos abiertos)
2024-08-01,comisiones_caidas,97.7,% con dictamen sin sanción (12m móviles),Cámara de Diputados (datos abiertos)
2024-07-01,comisiones_caidas,98.9,% con dictamen sin sanción (12m móviles),Cámara de Diputados (datos abiertos)
2024-06-01,comisiones_caidas,98.8,% con dictamen sin sanción (12m móviles),Cámara de Diputados (datos abiertos)
2024-05-01,comisiones_caidas,98.9,% con dictamen sin sanción (12m móviles),Cámara de Diputados (datos abiertos)
2024-04-01,comisiones_caidas,98.9,% con dictamen sin sanción (12m móviles),Cámara de Diputados (datos abiertos)
2024-03-01,comisiones_caidas,98.9,% con dictamen sin sanción (12m móviles),Cámara de Diputados (datos abiertos)
2024-02-01,comisiones_caidas,98.9,% con dictamen sin sanción (12m móviles),Cámara de Diputados (datos abiertos)
2024-01-01,comisiones_caidas,98.9,% con dictamen sin sanción (12m móviles),Cámara de Diputados (datos abiertos)
2023-12-01,comisiones_caidas,98.6,% con dictamen sin sanción (12m móviles),Cámara de Diputados (datos abiertos)
2026-08-27,cohesion_bloque,99.8,% cohesión (índice de Rice bicameral 65/35),Votaciones nominales de Diputados y Senado — elaboración CIGOB
2026-07-31,cohesion_bloque,99.8,% cohesión (índice de Rice bicameral 65/35),Votaciones nominales de Diputados y Senado — elaboración CIGOB
2026-06-30,cohesion_bloque,99.8,% cohesión (índice de Rice bicameral 65/35),Votaciones nominales de Diputados y Senado — elaboración CIGOB
2026-05-31,cohesion_bloque,99.9,% cohesión (índice de Rice bicameral 65/35),Votaciones nominales de Diputados y Senado — elaboración CIGOB
2026-04-30,cohesion_bloque,99.9,% cohesión (índice de Rice bicameral 65/35),Votaciones nominales de Diputados y Senado — elaboración CIGOB
2026-03-31,cohesion_bloque,99.9,% cohesión (índice de Rice bicameral 65/35),Votaciones nominales de Diputados y Senado — elaboración CIGOB
2026-02-28,cohesion_bloque,100.0,% cohesión (índice de Rice bicameral 65/35),Votaciones nominales de Diputados y Senado — elaboración CIGOB
2026-01-31,cohesion_bloque,100.0,% cohesión (índice de Rice bicameral 65/35),Votaciones nominales de Diputados y Senado — elaboración CIGOB
2025-12-31,cohesion_bloque,98.6,% cohesión (índice de Rice bicameral 65/35),Votaciones nominales de Diputados y Senado — elaboración CIGOB
2025-11-30,cohesion_bloque,97.2,% cohesión (índice de Rice bicameral 65/35),Votaciones nominales de Diputados y Senado — elaboración CIGOB
2025-10-31,cohesion_bloque,94.7,% cohesión (índice de Rice bicameral 65/35),Votaciones nominales de Diputados y Senado — elaboración CIGOB
2025-09-30,cohesion_bloque,92.7,% cohesión (índice de Rice bicameral 65/35),Votaciones nominales de Diputados y Senado — elaboración CIGOB
2025-08-31,cohesion_bloque,90.3,% cohesión (índice de Rice bicameral 65/35),Votaciones nominales de Diputados y Senado — elaboración CIGOB
2025-07-31,cohesion_bloque,96.2,% cohesión (índice de Rice bicameral 65/35),Votaciones nominales de Diputados y Senado — elaboración CIGOB
2025-06-30,cohesion_bloque,97.4,% cohesión (índice de Rice bicameral 65/35),Votaciones nominales de Diputados y Senado — elaboración CIGOB
2025-05-31,cohesion_bloque,97.4,% cohesión (índice de Rice bicameral 65/35),Votaciones nominales de Diputados y Senado — elaboración CIGOB
2025-04-30,cohesion_bloque,95.7,% cohesión (índice de Rice bicameral 65/35),Votaciones nominales de Diputados y Senado — elaboración CIGOB
2025-03-31,cohesion_bloque,97.1,% cohesión (índice de Rice bicameral 65/35),Votaciones nominales de Diputados y Senado — elaboración CIGOB
2025-02-28,cohesion_bloque,97.3,% cohesión (índice de Rice bicameral 65/35),Votaciones nominales de Diputados y Senado — elaboración CIGOB
2025-01-31,cohesion_bloque,95.3,% cohesión (índice de Rice bicameral 65/35),Votaciones nominales de Diputados y Senado — elaboración CIGOB
2024-12-31,cohesion_bloque,95.5,% cohesión (índice de Rice bicameral 65/35),Votaciones nominales de Diputados y Senado — elaboración CIGOB
2024-11-30,cohesion_bloque,95.7,% cohesión (índice de Rice bicameral 65/35),Votaciones nominales de Diputados y Senado — elaboración CIGOB
2024-10-31,cohesion_bloque,96.8,% cohesión (índice de Rice bicameral 65/35),Votaciones nominales de Diputados y Senado — elaboración CIGOB
2024-09-30,cohesion_bloque,96.4,% cohesión (índice de Rice bicameral 65/35),Votaciones nominales de Diputados y Senado — elaboración CIGOB
2024-08-31,cohesion_bloque,97.2,% cohesión (índice de Rice bicameral 65/35),Votaciones nominales de Diputados y Senado — elaboración CIGOB
2024-07-31,cohesion_bloque,97.8,% cohesión (índice de Rice bicameral 65/35),Votaciones nominales de Diputados y Senado — elaboración CIGOB
2024-06-30,cohesion_bloque,98.3,% cohesión (índice de Rice bicameral 65/35),Votaciones nominales de Diputados y Senado — elaboración CIGOB
2024-05-31,cohesion_bloque,100.0,% cohesión (índice de Rice bicameral 65/35),Votaciones nominales de Diputados y Senado — elaboración CIGOB
2024-04-30,cohesion_bloque,100.0,% cohesión (índice de Rice bicameral 65/35),Votaciones nominales de Diputados y Senado — elaboración CIGOB
2024-03-31,cohesion_bloque,100.0,% cohesión (índice de Rice bicameral 65/35),Votaciones nominales de Diputados y Senado — elaboración CIGOB
2024-02-29,cohesion_bloque,100.0,% cohesión (índice de Rice bicameral 65/35),Votaciones nominales de Diputados y Senado — elaboración CIGOB
2024-01-31,cohesion_bloque,100.0,% cohesión (índice de Rice bicameral 65/35),Votaciones nominales de Diputados y Senado — elaboración CIGOB
2023-12-31,cohesion_bloque,100.0,% cohesión (índice de Rice bicameral 65/35),Votaciones nominales de Diputados y Senado — elaboración CIGOB
2026-08-01,cobertura_judicial,69.63,% de cargos de juez con juez designado,"Ministerio de Justicia — padrón, designaciones y renuncias (datos.jus.gob.ar)"
2026-07-01,cobertura_judicial,69.95,% de cargos de juez con juez designado,"Ministerio de Justicia — padrón, designaciones y renuncias (datos.jus.gob.ar)"
2026-06-01,cobertura_judicial,70.16,% de cargos de juez con juez designado,"Ministerio de Justicia — padrón, designaciones y renuncias (datos.jus.gob.ar)"
2026-05-01,cobertura_judicial,64.08,% de cargos de juez con juez designado,"Ministerio de Justicia — padrón, designaciones y renuncias (datos.jus.gob.ar)"
2026-04-01,cobertura_judicial,64.19,% de cargos de juez con juez designado,"Ministerio de Justicia — padrón, designaciones y renuncias (datos.jus.gob.ar)"
2026-03-01,cobertura_judicial,64.4,% de cargos de juez con juez designado,"Ministerio de Justicia — padrón, designaciones y renuncias (datos.jus.gob.ar)"
2026-02-01,cobertura_judicial,64.92,% de cargos de juez con juez designado,"Ministerio de Justicia — padrón, designaciones y renuncias (datos.jus.gob.ar)"
2026-01-01,cobertura_judicial,65.13,% de cargos de juez con juez designado,"Ministerio de Justicia — padrón, designaciones y renuncias (datos.jus.gob.ar)"
2025-12-01,cobertura_judicial,65.24,% de cargos de juez con juez designado,"Ministerio de Justicia — padrón, designaciones y renuncias (datos.jus.gob.ar)"
2025-11-01,cobertura_judicial,66.07,% de cargos de juez con juez designado,"Ministerio de Justicia — padrón, designaciones y renuncias (datos.jus.gob.ar)"
2025-10-01,cobertura_judicial,67.12,% de cargos de juez con juez designado,"Ministerio de Justicia — padrón, designaciones y renuncias (datos.jus.gob.ar)"
2025-09-01,cobertura_judicial,67.64,% de cargos de juez con juez designado,"Ministerio de Justicia — padrón, designaciones y renuncias (datos.jus.gob.ar)"
2025-08-01,cobertura_judicial,68.38,% de cargos de juez con juez designado,"Ministerio de Justicia — padrón, designaciones y renuncias (datos.jus.gob.ar)"
2025-07-01,cobertura_judicial,68.69,% de cargos de juez con juez designado,"Ministerio de Justicia — padrón, designaciones y renuncias (datos.jus.gob.ar)"
2025-06-01,cobertura_judicial,68.9,% de cargos de juez con juez designado,"Ministerio de Justicia — padrón, designaciones y renuncias (datos.jus.gob.ar)"
2025-05-01,cobertura_judicial,69.11,% de cargos de juez con juez designado,"Ministerio de Justicia — padrón, designaciones y renuncias (datos.jus.gob.ar)"
2025-04-01,cobertura_judicial,69.42,% de cargos de juez con juez designado,"Ministerio de Justicia — padrón, designaciones y renuncias (datos.jus.gob.ar)"
2025-03-01,cobertura_judicial,70.16,% de cargos de juez con juez designado,"Ministerio de Justicia — padrón, designaciones y renuncias (datos.jus.gob.ar)"
2025-02-01,cobertura_judicial,70.47,% de cargos de juez con juez designado,"Ministerio de Justicia — padrón, designaciones y renuncias (datos.jus.gob.ar)"
2025-01-01,cobertura_judicial,70.47,% de cargos de juez con juez designado,"Ministerio de Justicia — padrón, designaciones y renuncias (datos.jus.gob.ar)"
2024-12-01,cobertura_judicial,70.68,% de cargos de juez con juez designado,"Ministerio de Justicia — padrón, designaciones y renuncias (datos.jus.gob.ar)"
2024-11-01,cobertura_judicial,70.99,% de cargos de juez con juez designado,"Ministerio de Justicia — padrón, designaciones y renuncias (datos.jus.gob.ar)"
2024-10-01,cobertura_judicial,71.1,% de cargos de juez con juez designado,"Ministerio de Justicia — padrón, designaciones y renuncias (datos.jus.gob.ar)"
2024-09-01,cobertura_judicial,71.1,% de cargos de juez con juez designado,"Ministerio de Justicia — padrón, designaciones y renuncias (datos.jus.gob.ar)"
2024-08-01,cobertura_judicial,71.1,% de cargos de juez con juez designado,"Ministerio de Justicia — padrón, designaciones y renuncias (datos.jus.gob.ar)"
2024-07-01,cobertura_judicial,71.41,% de cargos de juez con juez designado,"Ministerio de Justicia — padrón, designaciones y renuncias (datos.jus.gob.ar)"
2024-06-01,cobertura_judicial,71.41,% de cargos de juez con juez designado,"Ministerio de Justicia — padrón, designaciones y renuncias (datos.jus.gob.ar)"
2024-05-01,cobertura_judicial,71.73,% de cargos de juez con juez designado,"Ministerio de Justicia — padrón, designaciones y renuncias (datos.jus.gob.ar)"
2024-04-01,cobertura_judicial,71.83,% de cargos de juez con juez designado,"Ministerio de Justicia — padrón, designaciones y renuncias (datos.jus.gob.ar)"
2024-03-01,cobertura_judicial,71.94,% de cargos de juez con juez designado,"Ministerio de Justicia — padrón, designaciones y renuncias (datos.jus.gob.ar)"
2024-02-01,cobertura_judicial,72.25,% de cargos de juez con juez designado,"Ministerio de Justicia — padrón, designaciones y renuncias (datos.jus.gob.ar)"
2024-01-01,cobertura_judicial,72.67,% de cargos de juez con juez designado,"Ministerio de Justicia — padrón, designaciones y renuncias (datos.jus.gob.ar)"
2023-12-01,cobertura_judicial,72.77,% de cargos de juez con juez designado,"Ministerio de Justicia — padrón, designaciones y renuncias (datos.jus.gob.ar)"
2026-09-01,brecha_obra_publica,-1.1,"pp (obra pública − privada, 12m móviles)","INDEC · Encuesta Cualitativa de la Construcción (ISAC, Cuadro 7.1)"
2026-08-01,brecha_obra_publica,0.2,"pp (obra pública − privada, 12m móviles)","INDEC · Encuesta Cualitativa de la Construcción (ISAC, Cuadro 7.1)"
2026-07-01,brecha_obra_publica,2.3,"pp (obra pública − privada, 12m móviles)","INDEC · Encuesta Cualitativa de la Construcción (ISAC, Cuadro 7.1)"
2026-06-01,brecha_obra_publica,2.9,"pp (obra pública − privada, 12m móviles)","INDEC · Encuesta Cualitativa de la Construcción (ISAC, Cuadro 7.1)"
2026-05-01,brecha_obra_publica,3.2,"pp (obra pública − privada, 12m móviles)","INDEC · Encuesta Cualitativa de la Construcción (ISAC, Cuadro 7.1)"
2026-04-01,brecha_obra_publica,3.1,"pp (obra pública − privada, 12m móviles)","INDEC · Encuesta Cualitativa de la Construcción (ISAC, Cuadro 7.1)"
2026-03-01,brecha_obra_publica,3.2,"pp (obra pública − privada, 12m móviles)","INDEC · Encuesta Cualitativa de la Construcción (ISAC, Cuadro 7.1)"
2026-02-01,brecha_obra_publica,3.3,"pp (obra pública − privada, 12m móviles)","INDEC · Encuesta Cualitativa de la Construcción (ISAC, Cuadro 7.1)"
2026-01-01,brecha_obra_publica,2.1,"pp (obra pública − privada, 12m móviles)","INDEC · Encuesta Cualitativa de la Construcción (ISAC, Cuadro 7.1)"
2025-12-01,brecha_obra_publica,1.2,"pp (obra pública − privada, 12m móviles)","INDEC · Encuesta Cualitativa de la Construcción (ISAC, Cuadro 7.1)"
2025-11-01,brecha_obra_publica,-1.1,"pp (obra pública − privada, 12m móviles)","INDEC · Encuesta Cualitativa de la Construcción (ISAC, Cuadro 7.1)"
2025-10-01,brecha_obra_publica,-3.8,"pp (obra pública − privada, 12m móviles)","INDEC · Encuesta Cualitativa de la Construcción (ISAC, Cuadro 7.1)"
2025-09-01,brecha_obra_publica,-6.0,"pp (obra pública − privada, 12m móviles)","INDEC · Encuesta Cualitativa de la Construcción (ISAC, Cuadro 7.1)"
2025-08-01,brecha_obra_publica,-8.9,"pp (obra pública − privada, 12m móviles)","INDEC · Encuesta Cualitativa de la Construcción (ISAC, Cuadro 7.1)"
2025-07-01,brecha_obra_publica,-13.1,"pp (obra pública − privada, 12m móviles)","INDEC · Encuesta Cualitativa de la Construcción (ISAC, Cuadro 7.1)"
2025-06-01,brecha_obra_publica,-15.3,"pp (obra pública − privada, 12m móviles)","INDEC · Encuesta Cualitativa de la Construcción (ISAC, Cuadro 7.1)"
2025-05-01,brecha_obra_publica,-17.7,"pp (obra pública − privada, 12m móviles)","INDEC · Encuesta Cualitativa de la Construcción (ISAC, Cuadro 7.1)"
2025-04-01,brecha_obra_publica,-20.7,"pp (obra pública − privada, 12m móviles)","INDEC · Encuesta Cualitativa de la Construcción (ISAC, Cuadro 7.1)"
2025-03-01,brecha_obra_publica,-24.2,"pp (obra pública − privada, 12m móviles)","INDEC · Encuesta Cualitativa de la Construcción (ISAC, Cuadro 7.1)"
2025-02-01,brecha_obra_publica,-26.6,"pp (obra pública − privada, 12m móviles)","INDEC · Encuesta Cualitativa de la Construcción (ISAC, Cuadro 7.1)"
2025-01-01,brecha_obra_publica,-28.6,"pp (obra pública − privada, 12m móviles)","INDEC · Encuesta Cualitativa de la Construcción (ISAC, Cuadro 7.1)"
2024-12-01,brecha_obra_publica,-29.8,"pp (obra pública − privada, 12m móviles)","INDEC · Encuesta Cualitativa de la Construcción (ISAC, Cuadro 7.1)"
2024-11-01,brecha_obra_publica,-29.6,"pp (obra pública − privada, 12m móviles)","INDEC · Encuesta Cualitativa de la Construcción (ISAC, Cuadro 7.1)"
2024-10-01,brecha_obra_publica,-28.7,"pp (obra pública − privada, 12m móviles)","INDEC · Encuesta Cualitativa de la Construcción (ISAC, Cuadro 7.1)"
2024-09-01,brecha_obra_publica,-27.0,"pp (obra pública − privada, 12m móviles)","INDEC · Encuesta Cualitativa de la Construcción (ISAC, Cuadro 7.1)"
2024-08-01,brecha_obra_publica,-25.1,"pp (obra pública − privada, 12m móviles)","INDEC · Encuesta Cualitativa de la Construcción (ISAC, Cuadro 7.1)"
2024-07-01,brecha_obra_publica,-23.4,"pp (obra pública − privada, 12m móviles)","INDEC · Encuesta Cualitativa de la Construcción (ISAC, Cuadro 7.1)"
2024-06-01,brecha_obra_publica,-21.6,"pp (obra pública − privada, 12m móviles)","INDEC · Encuesta Cualitativa de la Construcción (ISAC, Cuadro 7.1)"
2024-05-01,brecha_obra_publica,-17.7,"pp (obra pública − privada, 12m móviles)","INDEC · Encuesta Cualitativa de la Construcción (ISAC, Cuadro 7.1)"
2024-04-01,brecha_obra_publica,-13.2,"pp (obra pública − privada, 12m móviles)","INDEC · Encuesta Cualitativa de la Construcción (ISAC, Cuadro 7.1)"
2024-03-01,brecha_obra_publica,-8.5,"pp (obra pública − privada, 12m móviles)","INDEC · Encuesta Cualitativa de la Construcción (ISAC, Cuadro 7.1)"
2024-02-01,brecha_obra_publica,-4.6,"pp (obra pública − privada, 12m móviles)","INDEC · Encuesta Cualitativa de la Construcción (ISAC, Cuadro 7.1)"
2024-01-01,brecha_obra_publica,-1.3,"pp (obra pública − privada, 12m móviles)","INDEC · Encuesta Cualitativa de la Construcción (ISAC, Cuadro 7.1)"
2023-12-01,brecha_obra_publica,1.2,"pp (obra pública − privada, 12m móviles)","INDEC · Encuesta Cualitativa de la Construcción (ISAC, Cuadro 7.1)"
2023-11-01,brecha_obra_publica,3.5,"pp (obra pública − privada, 12m móviles)","INDEC · Encuesta Cualitativa de la Construcción (ISAC, Cuadro 7.1)"
2023-10-01,brecha_obra_publica,5.2,"pp (obra pública − privada, 12m móviles)","INDEC · Encuesta Cualitativa de la Construcción (ISAC, Cuadro 7.1)"
2023-09-01,brecha_obra_publica,4.2,"pp (obra pública − privada, 12m móviles)","INDEC · Encuesta Cualitativa de la Construcción (ISAC, Cuadro 7.1)"
2023-08-01,brecha_obra_publica,4.8,"pp (obra pública − privada, 12m móviles)","INDEC · Encuesta Cualitativa de la Construcción (ISAC, Cuadro 7.1)"
2023-07-01,brecha_obra_publica,5.4,"pp (obra pública − privada, 12m móviles)","INDEC · Encuesta Cualitativa de la Construcción (ISAC, Cuadro 7.1)"
2023-06-01,brecha_obra_publica,5.4,"pp (obra pública − privada, 12m móviles)","INDEC · Encuesta Cualitativa de la Construcción (ISAC, Cuadro 7.1)"
2023-05-01,brecha_obra_publica,3.3,"pp (obra pública − privada, 12m móviles)","INDEC · Encuesta Cualitativa de la Construcción (ISAC, Cuadro 7.1)"
2023-04-01,brecha_obra_publica,3.7,"pp (obra pública − privada, 12m móviles)","INDEC · Encuesta Cualitativa de la Construcción (ISAC, Cuadro 7.1)"
2023-03-01,brecha_obra_publica,3.9,"pp (obra pública − privada, 12m móviles)","INDEC · Encuesta Cualitativa de la Construcción (ISAC, Cuadro 7.1)"
2023-02-01,brecha_obra_publica,4.4,"pp (obra pública − privada, 12m móviles)","INDEC · Encuesta Cualitativa de la Construcción (ISAC, Cuadro 7.1)"
2023-01-01,brecha_obra_publica,5.1,"pp (obra pública − privada, 12m móviles)","INDEC · Encuesta Cualitativa de la Construcción (ISAC, Cuadro 7.1)"
2022-12-01,brecha_obra_publica,5.5,"pp (obra pública − privada, 12m móviles)","INDEC · Encuesta Cualitativa de la Construcción (ISAC, Cuadro 7.1)"
2022-11-01,brecha_obra_publica,6.1,"pp (obra pública − privada, 12m móviles)","INDEC · Encuesta Cualitativa de la Construcción (ISAC, Cuadro 7.1)"
2022-10-01,brecha_obra_publica,7.5,"pp (obra pública − privada, 12m móviles)","INDEC · Encuesta Cualitativa de la Construcción (ISAC, Cuadro 7.1)"
2022-09-01,brecha_obra_publica,10.0,"pp (obra pública − privada, 12m móviles)","INDEC · Encuesta Cualitativa de la Construcción (ISAC, Cuadro 7.1)"
2022-08-01,brecha_obra_publica,11.8,"pp (obra pública − privada, 12m móviles)","INDEC · Encuesta Cualitativa de la Construcción (ISAC, Cuadro 7.1)"
2022-07-01,brecha_obra_publica,13.1,"pp (obra pública − privada, 12m móviles)","INDEC · Encuesta Cualitativa de la Construcción (ISAC, Cuadro 7.1)"
2022-06-01,brecha_obra_publica,14.4,"pp (obra pública − privada, 12m móviles)","INDEC · Encuesta Cualitativa de la Construcción (ISAC, Cuadro 7.1)"
2022-05-01,brecha_obra_publica,15.5,"pp (obra pública − privada, 12m móviles)","INDEC · Encuesta Cualitativa de la Construcción (ISAC, Cuadro 7.1)"
2022-04-01,brecha_obra_publica,14.8,"pp (obra pública − privada, 12m móviles)","INDEC · Encuesta Cualitativa de la Construcción (ISAC, Cuadro 7.1)"
2022-03-01,brecha_obra_publica,14.1,"pp (obra pública − privada, 12m móviles)","INDEC · Encuesta Cualitativa de la Construcción (ISAC, Cuadro 7.1)"
2022-02-01,brecha_obra_publica,13.3,"pp (obra pública − privada, 12m móviles)","INDEC · Encuesta Cualitativa de la Construcción (ISAC, Cuadro 7.1)"
2022-01-01,brecha_obra_publica,11.2,"pp (obra pública − privada, 12m móviles)","INDEC · Encuesta Cualitativa de la Construcción (ISAC, Cuadro 7.1)"
2021-12-01,brecha_obra_publica,9.9,"pp (obra pública − privada, 12m móviles)","INDEC · Encuesta Cualitativa de la Construcción (ISAC, Cuadro 7.1)"
2021-11-01,brecha_obra_publica,7.7,"pp (obra pública − privada, 12m móviles)","INDEC · Encuesta Cualitativa de la Construcción (ISAC, Cuadro 7.1)"
2021-10-01,brecha_obra_publica,6.0,"pp (obra pública − privada, 12m móviles)","INDEC · Encuesta Cualitativa de la Construcción (ISAC, Cuadro 7.1)"
2021-09-01,brecha_obra_publica,4.5,"pp (obra pública − privada, 12m móviles)","INDEC · Encuesta Cualitativa de la Construcción (ISAC, Cuadro 7.1)"
2021-08-01,brecha_obra_publica,3.0,"pp (obra pública − privada, 12m móviles)","INDEC · Encuesta Cualitativa de la Construcción (ISAC, Cuadro 7.1)"
2021-07-01,brecha_obra_publica,2.9,"pp (obra pública − privada, 12m móviles)","INDEC · Encuesta Cualitativa de la Construcción (ISAC, Cuadro 7.1)"
2021-06-01,brecha_obra_publica,0.9,"pp (obra pública − privada, 12m móviles)","INDEC · Encuesta Cualitativa de la Construcción (ISAC, Cuadro 7.1)"
2021-05-01,brecha_obra_publica,-1.4,"pp (obra pública − privada, 12m móviles)","INDEC · Encuesta Cualitativa de la Construcción (ISAC, Cuadro 7.1)"
2021-04-01,brecha_obra_publica,-3.3,"pp (obra pública − privada, 12m móviles)","INDEC · Encuesta Cualitativa de la Construcción (ISAC, Cuadro 7.1)"
2021-03-01,brecha_obra_publica,-6.2,"pp (obra pública − privada, 12m móviles)","INDEC · Encuesta Cualitativa de la Construcción (ISAC, Cuadro 7.1)"
2021-02-01,brecha_obra_publica,-8.3,"pp (obra pública − privada, 12m móviles)","INDEC · Encuesta Cualitativa de la Construcción (ISAC, Cuadro 7.1)"
2021-01-01,brecha_obra_publica,-9.2,"pp (obra pública − privada, 12m móviles)","INDEC · Encuesta Cualitativa de la Construcción (ISAC, Cuadro 7.1)"
2020-12-01,brecha_obra_publica,-8.8,"pp (obra pública − privada, 12m móviles)","INDEC · Encuesta Cualitativa de la Construcción (ISAC, Cuadro 7.1)"
2020-11-01,brecha_obra_publica,-9.5,"pp (obra pública − privada, 12m móviles)","INDEC · Encuesta Cualitativa de la Construcción (ISAC, Cuadro 7.1)"
2020-10-01,brecha_obra_publica,-10.9,"pp (obra pública − privada, 12m móviles)","INDEC · Encuesta Cualitativa de la Construcción (ISAC, Cuadro 7.1)"
2020-09-01,brecha_obra_publica,-10.7,"pp (obra pública − privada, 12m móviles)","INDEC · Encuesta Cualitativa de la Construcción (ISAC, Cuadro 7.1)"
2020-06-01,brecha_obra_publica,-10.4,"pp (obra pública − privada, 12m móviles)","INDEC · Encuesta Cualitativa de la Construcción (ISAC, Cuadro 7.1)"
2020-05-01,brecha_obra_publica,-13.5,"pp (obra pública − privada, 12m móviles)","INDEC · Encuesta Cualitativa de la Construcción (ISAC, Cuadro 7.1)"
2020-04-01,brecha_obra_publica,-13.4,"pp (obra pública − privada, 12m móviles)","INDEC · Encuesta Cualitativa de la Construcción (ISAC, Cuadro 7.1)"
2020-03-01,brecha_obra_publica,-12.5,"pp (obra pública − privada, 12m móviles)","INDEC · Encuesta Cualitativa de la Construcción (ISAC, Cuadro 7.1)"
2020-02-01,brecha_obra_publica,-13.0,"pp (obra pública − privada, 12m móviles)","INDEC · Encuesta Cualitativa de la Construcción (ISAC, Cuadro 7.1)"
2020-01-01,brecha_obra_publica,-13.1,"pp (obra pública − privada, 12m móviles)","INDEC · Encuesta Cualitativa de la Construcción (ISAC, Cuadro 7.1)"
2019-12-01,brecha_obra_publica,-13.2,"pp (obra pública − privada, 12m móviles)","INDEC · Encuesta Cualitativa de la Construcción (ISAC, Cuadro 7.1)"
2019-11-01,brecha_obra_publica,-12.7,"pp (obra pública − privada, 12m móviles)","INDEC · Encuesta Cualitativa de la Construcción (ISAC, Cuadro 7.1)"
2019-10-01,brecha_obra_publica,-14.3,"pp (obra pública − privada, 12m móviles)","INDEC · Encuesta Cualitativa de la Construcción (ISAC, Cuadro 7.1)"
2019-09-01,brecha_obra_publica,-12.8,"pp (obra pública − privada, 12m móviles)","INDEC · Encuesta Cualitativa de la Construcción (ISAC, Cuadro 7.1)"
2019-06-01,brecha_obra_publica,-10.4,"pp (obra pública − privada, 12m móviles)","INDEC · Encuesta Cualitativa de la Construcción (ISAC, Cuadro 7.1)"
2019-05-01,brecha_obra_publica,-9.3,"pp (obra pública − privada, 12m móviles)","INDEC · Encuesta Cualitativa de la Construcción (ISAC, Cuadro 7.1)"
2019-04-01,brecha_obra_publica,-10.3,"pp (obra pública − privada, 12m móviles)","INDEC · Encuesta Cualitativa de la Construcción (ISAC, Cuadro 7.1)"
2019-03-01,brecha_obra_publica,-8.3,"pp (obra pública − privada, 12m móviles)","INDEC · Encuesta Cualitativa de la Construcción (ISAC, Cuadro 7.1)"
2019-02-01,brecha_obra_publica,-7.8,"pp (obra pública − privada, 12m móviles)","INDEC · Encuesta Cualitativa de la Construcción (ISAC, Cuadro 7.1)"
2019-01-01,brecha_obra_publica,-8.0,"pp (obra pública − privada, 12m móviles)","INDEC · Encuesta Cualitativa de la Construcción (ISAC, Cuadro 7.1)"
2018-12-01,brecha_obra_publica,-7.5,"pp (obra pública − privada, 12m móviles)","INDEC · Encuesta Cualitativa de la Construcción (ISAC, Cuadro 7.1)"
2018-11-01,brecha_obra_publica,-4.4,"pp (obra pública − privada, 12m móviles)","INDEC · Encuesta Cualitativa de la Construcción (ISAC, Cuadro 7.1)"
2018-10-01,brecha_obra_publica,-0.7,"pp (obra pública − privada, 12m móviles)","INDEC · Encuesta Cualitativa de la Construcción (ISAC, Cuadro 7.1)"
2018-09-01,brecha_obra_publica,2.7,"pp (obra pública − privada, 12m móviles)","INDEC · Encuesta Cualitativa de la Construcción (ISAC, Cuadro 7.1)"
2018-06-01,brecha_obra_publica,5.5,"pp (obra pública − privada, 12m móviles)","INDEC · Encuesta Cualitativa de la Construcción (ISAC, Cuadro 7.1)"
2018-05-01,brecha_obra_publica,7.9,"pp (obra pública − privada, 12m móviles)","INDEC · Encuesta Cualitativa de la Construcción (ISAC, Cuadro 7.1)"
2018-04-01,brecha_obra_publica,8.3,"pp (obra pública − privada, 12m móviles)","INDEC · Encuesta Cualitativa de la Construcción (ISAC, Cuadro 7.1)"
2018-03-01,brecha_obra_publica,9.5,"pp (obra pública − privada, 12m móviles)","INDEC · Encuesta Cualitativa de la Construcción (ISAC, Cuadro 7.1)"
2018-02-01,brecha_obra_publica,11.5,"pp (obra pública − privada, 12m móviles)","INDEC · Encuesta Cualitativa de la Construcción (ISAC, Cuadro 7.1)"
2018-01-01,brecha_obra_publica,11.9,"pp (obra pública − privada, 12m móviles)","INDEC · Encuesta Cualitativa de la Construcción (ISAC, Cuadro 7.1)"
2017-12-01,brecha_obra_publica,14.5,"pp (obra pública − privada, 12m móviles)","INDEC · Encuesta Cualitativa de la Construcción (ISAC, Cuadro 7.1)"
2017-11-01,brecha_obra_publica,19.4,"pp (obra pública − privada, 12m móviles)","INDEC · Encuesta Cualitativa de la Construcción (ISAC, Cuadro 7.1)"
2026-08-27,bloqueo_sostenido,33.3,% normas desafiadas en el recinto que siguen en pie (12m móviles),Actas de Diputados y Senado + InfoLeg — elaboración CIGOB
2026-07-31,bloqueo_sostenido,20.0,% normas desafiadas en el recinto que siguen en pie (12m móviles),Actas de Diputados y Senado + InfoLeg — elaboración CIGOB
2026-06-30,bloqueo_sostenido,27.3,% normas desafiadas en el recinto que siguen en pie (12m móviles),Actas de Diputados y Senado + InfoLeg — elaboración CIGOB
2026-05-31,bloqueo_sostenido,27.3,% normas desafiadas en el recinto que siguen en pie (12m móviles),Actas de Diputados y Senado + InfoLeg — elaboración CIGOB
2026-04-30,bloqueo_sostenido,27.3,% normas desafiadas en el recinto que siguen en pie (12m móviles),Actas de Diputados y Senado + InfoLeg — elaboración CIGOB
2026-03-31,bloqueo_sostenido,27.3,% normas desafiadas en el recinto que siguen en pie (12m móviles),Actas de Diputados y Senado + InfoLeg — elaboración CIGOB
2026-02-28,bloqueo_sostenido,33.3,% normas desafiadas en el recinto que siguen en pie (12m móviles),Actas de Diputados y Senado + InfoLeg — elaboración CIGOB
2026-01-31,bloqueo_sostenido,33.3,% normas desafiadas en el recinto que siguen en pie (12m móviles),Actas de Diputados y Senado + InfoLeg — elaboración CIGOB
2025-12-31,bloqueo_sostenido,33.3,% normas desafiadas en el recinto que siguen en pie (12m móviles),Actas de Diputados y Senado + InfoLeg — elaboración CIGOB
2025-11-30,bloqueo_sostenido,33.3,% normas desafiadas en el recinto que siguen en pie (12m móviles),Actas de Diputados y Senado + InfoLeg — elaboración CIGOB
2025-10-31,bloqueo_sostenido,33.3,% normas desafiadas en el recinto que siguen en pie (12m móviles),Actas de Diputados y Senado + InfoLeg — elaboración CIGOB
2025-09-30,bloqueo_sostenido,53.8,% normas desafiadas en el recinto que siguen en pie (12m móviles),Actas de Diputados y Senado + InfoLeg — elaboración CIGOB
2025-08-31,bloqueo_sostenido,54.5,% normas desafiadas en el recinto que siguen en pie (12m móviles),Actas de Diputados y Senado + InfoLeg — elaboración CIGOB
2025-07-31,bloqueo_sostenido,80.0,% normas desafiadas en el recinto que siguen en pie (12m móviles),Actas de Diputados y Senado + InfoLeg — elaboración CIGOB
2025-06-30,bloqueo_sostenido,75.0,% normas desafiadas en el recinto que siguen en pie (12m móviles),Actas de Diputados y Senado + InfoLeg — elaboración CIGOB
2025-05-31,bloqueo_sostenido,75.0,% normas desafiadas en el recinto que siguen en pie (12m móviles),Actas de Diputados y Senado + InfoLeg — elaboración CIGOB
2025-04-30,bloqueo_sostenido,75.0,% normas desafiadas en el recinto que siguen en pie (12m móviles),Actas de Diputados y Senado + InfoLeg — elaboración CIGOB
2025-03-31,bloqueo_sostenido,75.0,% normas desafiadas en el recinto que siguen en pie (12m móviles),Actas de Diputados y Senado + InfoLeg — elaboración CIGOB
2025-02-28,bloqueo_sostenido,75.0,% normas desafiadas en el recinto que siguen en pie (12m móviles),Actas de Diputados y Senado + InfoLeg — elaboración CIGOB
2025-01-31,bloqueo_sostenido,75.0,% normas desafiadas en el recinto que siguen en pie (12m móviles),Actas de Diputados y Senado + InfoLeg — elaboración CIGOB
2024-12-31,bloqueo_sostenido,75.0,% normas desafiadas en el recinto que siguen en pie (12m móviles),Actas de Diputados y Senado + InfoLeg — elaboración CIGOB
2024-11-30,bloqueo_sostenido,75.0,% normas desafiadas en el recinto que siguen en pie (12m móviles),Actas de Diputados y Senado + InfoLeg — elaboración CIGOB
2024-10-31,bloqueo_sostenido,75.0,% normas desafiadas en el recinto que siguen en pie (12m móviles),Actas de Diputados y Senado + InfoLeg — elaboración CIGOB
2024-09-30,bloqueo_sostenido,66.7,% normas desafiadas en el recinto que siguen en pie (12m móviles),Actas de Diputados y Senado + InfoLeg — elaboración CIGOB
2024-08-31,bloqueo_sostenido,100.0,% normas desafiadas en el recinto que siguen en pie (12m móviles),Actas de Diputados y Senado + InfoLeg — elaboración CIGOB
2024-07-31,bloqueo_sostenido,100.0,% normas desafiadas en el recinto que siguen en pie (12m móviles),Actas de Diputados y Senado + InfoLeg — elaboración CIGOB
2024-06-30,bloqueo_sostenido,100.0,% normas desafiadas en el recinto que siguen en pie (12m móviles),Actas de Diputados y Senado + InfoLeg — elaboración CIGOB
2024-05-31,bloqueo_sostenido,100.0,% normas desafiadas en el recinto que siguen en pie (12m móviles),Actas de Diputados y Senado + InfoLeg — elaboración CIGOB
2024-04-30,bloqueo_sostenido,100.0,% normas desafiadas en el recinto que siguen en pie (12m móviles),Actas de Diputados y Senado + InfoLeg — elaboración CIGOB
2024-03-31,bloqueo_sostenido,100.0,% normas desafiadas en el recinto que siguen en pie (12m móviles),Actas de Diputados y Senado + InfoLeg — elaboración CIGOB
2026-08-01,apoyo_empresario,-0.429,"saldo de postura (−1 a +1, 12m móviles)",Comunicados de AEA y UIA — codificación CIGOB
2026-07-01,apoyo_empresario,-0.429,"saldo de postura (−1 a +1, 12m móviles)",Comunicados de AEA y UIA — codificación CIGOB
2026-06-01,apoyo_empresario,-0.429,"saldo de postura (−1 a +1, 12m móviles)",Comunicados de AEA y UIA — codificación CIGOB
2026-05-01,apoyo_empresario,-0.429,"saldo de postura (−1 a +1, 12m móviles)",Comunicados de AEA y UIA — codificación CIGOB
2026-04-01,apoyo_empresario,-0.25,"saldo de postura (−1 a +1, 12m móviles)",Comunicados de AEA y UIA — codificación CIGOB
2026-03-01,apoyo_empresario,-0.143,"saldo de postura (−1 a +1, 12m móviles)",Comunicados de AEA y UIA — codificación CIGOB
2026-02-01,apoyo_empresario,0.333,"saldo de postura (−1 a +1, 12m móviles)",Comunicados de AEA y UIA — codificación CIGOB
2026-01-01,apoyo_empresario,1.0,"saldo de postura (−1 a +1, 12m móviles)",Comunicados de AEA y UIA — codificación CIGOB
2025-12-01,apoyo_empresario,0.333,"saldo de postura (−1 a +1, 12m móviles)",Comunicados de AEA y UIA — codificación CIGOB
2025-11-01,apoyo_empresario,0.333,"saldo de postura (−1 a +1, 12m móviles)",Comunicados de AEA y UIA — codificación CIGOB
2025-10-01,apoyo_empresario,0.333,"saldo de postura (−1 a +1, 12m móviles)",Comunicados de AEA y UIA — codificación CIGOB
2025-09-01,apoyo_empresario,0.5,"saldo de postura (−1 a +1, 12m móviles)",Comunicados de AEA y UIA — codificación CIGOB
2025-08-01,apoyo_empresario,0.2,"saldo de postura (−1 a +1, 12m móviles)",Comunicados de AEA y UIA — codificación CIGOB
2025-07-01,apoyo_empresario,0.2,"saldo de postura (−1 a +1, 12m móviles)",Comunicados de AEA y UIA — codificación CIGOB
2025-06-01,apoyo_empresario,0.2,"saldo de postura (−1 a +1, 12m móviles)",Comunicados de AEA y UIA — codificación CIGOB
2025-05-01,apoyo_empresario,0.2,"saldo de postura (−1 a +1, 12m móviles)",Comunicados de AEA y UIA — codificación CIGOB
2025-04-01,apoyo_empresario,-0.143,"saldo de postura (−1 a +1, 12m móviles)",Comunicados de AEA y UIA — codificación CIGOB
2025-03-01,apoyo_empresario,-0.143,"saldo de postura (−1 a +1, 12m móviles)",Comunicados de AEA y UIA — codificación CIGOB
2025-02-01,apoyo_empresario,-0.143,"saldo de postura (−1 a +1, 12m móviles)",Comunicados de AEA y UIA — codificación CIGOB
2025-01-01,apoyo_empresario,-0.143,"saldo de postura (−1 a +1, 12m móviles)",Comunicados de AEA y UIA — codificación CIGOB
2024-12-01,apoyo_empresario,-0.143,"saldo de postura (−1 a +1, 12m móviles)",Comunicados de AEA y UIA — codificación CIGOB
2024-11-01,apoyo_empresario,0.0,"saldo de postura (−1 a +1, 12m móviles)",Comunicados de AEA y UIA — codificación CIGOB
2024-10-01,apoyo_empresario,0.0,"saldo de postura (−1 a +1, 12m móviles)",Comunicados de AEA y UIA — codificación CIGOB
2024-09-01,apoyo_empresario,0.0,"saldo de postura (−1 a +1, 12m móviles)",Comunicados de AEA y UIA — codificación CIGOB
2024-08-01,apoyo_empresario,-0.2,"saldo de postura (−1 a +1, 12m móviles)",Comunicados de AEA y UIA — codificación CIGOB
2024-07-01,apoyo_empresario,-0.333,"saldo de postura (−1 a +1, 12m móviles)",Comunicados de AEA y UIA — codificación CIGOB
2024-06-01,apoyo_empresario,-0.333,"saldo de postura (−1 a +1, 12m móviles)",Comunicados de AEA y UIA — codificación CIGOB
2024-05-01,apoyo_empresario,-0.333,"saldo de postura (−1 a +1, 12m móviles)",Comunicados de AEA y UIA — codificación CIGOB
2024-04-01,apoyo_empresario,-0.429,"saldo de postura (−1 a +1, 12m móviles)",Comunicados de AEA y UIA — codificación CIGOB
2024-03-01,apoyo_empresario,-0.333,"saldo de postura (−1 a +1, 12m móviles)",Comunicados de AEA y UIA — codificación CIGOB
2024-02-01,apoyo_empresario,-0.6,"saldo de postura (−1 a +1, 12m móviles)",Comunicados de AEA y UIA — codificación CIGOB
2024-01-01,apoyo_empresario,-0.6,"saldo de postura (−1 a +1, 12m móviles)",Comunicados de AEA y UIA — codificación CIGOB
2023-12-01,apoyo_empresario,-0.667,"saldo de postura (−1 a +1, 12m móviles)",Comunicados de AEA y UIA — codificación CIGOB
2026-08-27,alineamiento_senadores_prov,57.0,% votos de senadores no-LLA alineados con LLA,Votaciones nominales del Senado — elaboración CIGOB
2026-07-31,alineamiento_senadores_prov,70.6,% votos de senadores no-LLA alineados con LLA,Votaciones nominales del Senado — elaboración CIGOB
2026-06-30,alineamiento_senadores_prov,70.2,% votos de senadores no-LLA alineados con LLA,Votaciones nominales del Senado — elaboración CIGOB
2026-05-31,alineamiento_senadores_prov,78.6,% votos de senadores no-LLA alineados con LLA,Votaciones nominales del Senado — elaboración CIGOB
2026-04-30,alineamiento_senadores_prov,47.9,% votos de senadores no-LLA alineados con LLA,Votaciones nominales del Senado — elaboración CIGOB
2026-03-31,alineamiento_senadores_prov,46.3,% votos de senadores no-LLA alineados con LLA,Votaciones nominales del Senado — elaboración CIGOB
2026-02-28,alineamiento_senadores_prov,42.4,% votos de senadores no-LLA alineados con LLA,Votaciones nominales del Senado — elaboración CIGOB
2026-01-31,alineamiento_senadores_prov,45.8,% votos de senadores no-LLA alineados con LLA,Votaciones nominales del Senado — elaboración CIGOB
2025-12-31,alineamiento_senadores_prov,46.6,% votos de senadores no-LLA alineados con LLA,Votaciones nominales del Senado — elaboración CIGOB
2025-11-30,alineamiento_senadores_prov,44.9,% votos de senadores no-LLA alineados con LLA,Votaciones nominales del Senado — elaboración CIGOB
2025-10-31,alineamiento_senadores_prov,36.2,% votos de senadores no-LLA alineados con LLA,Votaciones nominales del Senado — elaboración CIGOB
2025-09-30,alineamiento_senadores_prov,29.8,% votos de senadores no-LLA alineados con LLA,Votaciones nominales del Senado — elaboración CIGOB
2025-08-31,alineamiento_senadores_prov,19.4,% votos de senadores no-LLA alineados con LLA,Votaciones nominales del Senado — elaboración CIGOB
2025-07-31,alineamiento_senadores_prov,60.9,% votos de senadores no-LLA alineados con LLA,Votaciones nominales del Senado — elaboración CIGOB
2025-06-30,alineamiento_senadores_prov,64.5,% votos de senadores no-LLA alineados con LLA,Votaciones nominales del Senado — elaboración CIGOB
2025-05-31,alineamiento_senadores_prov,64.5,% votos de senadores no-LLA alineados con LLA,Votaciones nominales del Senado — elaboración CIGOB
2025-04-30,alineamiento_senadores_prov,50.6,% votos de senadores no-LLA alineados con LLA,Votaciones nominales del Senado — elaboración CIGOB
2025-03-31,alineamiento_senadores_prov,55.2,% votos de senadores no-LLA alineados con LLA,Votaciones nominales del Senado — elaboración CIGOB
2025-02-28,alineamiento_senadores_prov,59.3,% votos de senadores no-LLA alineados con LLA,Votaciones nominales del Senado — elaboración CIGOB
2025-01-31,alineamiento_senadores_prov,78.6,% votos de senadores no-LLA alineados con LLA,Votaciones nominales del Senado — elaboración CIGOB
2024-12-31,alineamiento_senadores_prov,78.6,% votos de senadores no-LLA alineados con LLA,Votaciones nominales del Senado — elaboración CIGOB
2024-11-30,alineamiento_senadores_prov,35.4,% votos de senadores no-LLA alineados con LLA,Votaciones nominales del Senado — elaboración CIGOB
2024-10-31,alineamiento_senadores_prov,49.2,% votos de senadores no-LLA alineados con LLA,Votaciones nominales del Senado — elaboración CIGOB
2024-09-30,alineamiento_senadores_prov,53.1,% votos de senadores no-LLA alineados con LLA,Votaciones nominales del Senado — elaboración CIGOB
2024-08-31,alineamiento_senadores_prov,61.7,% votos de senadores no-LLA alineados con LLA,Votaciones nominales del Senado — elaboración CIGOB
2024-07-31,alineamiento_senadores_prov,58.4,% votos de senadores no-LLA alineados con LLA,Votaciones nominales del Senado — elaboración CIGOB
2024-06-30,alineamiento_senadores_prov,57.7,% votos de senadores no-LLA alineados con LLA,Votaciones nominales del Senado — elaboración CIGOB
2024-05-31,alineamiento_senadores_prov,69.3,% votos de senadores no-LLA alineados con LLA,Votaciones nominales del Senado — elaboración CIGOB
2024-04-30,alineamiento_senadores_prov,74.7,% votos de senadores no-LLA alineados con LLA,Votaciones nominales del Senado — elaboración CIGOB
2024-03-31,alineamiento_senadores_prov,69.3,% votos de senadores no-LLA alineados con LLA,Votaciones nominales del Senado — elaboración CIGOB
2024-02-29,alineamiento_senadores_prov,100.0,% votos de senadores no-LLA alineados con LLA,Votaciones nominales del Senado — elaboración CIGOB
2026-07-31,adhesion_reformas_provincial,66.7,% de jurisdicciones (sobre 24) adheridas al RIGI,"Tabla de provincias adheridas — Ministerio de Agricultura, Ganadería y Pesca"
2026-06-30,adhesion_reformas_provincial,66.7,% de jurisdicciones (sobre 24) adheridas al RIGI,"Tabla de provincias adheridas — Ministerio de Agricultura, Ganadería y Pesca"
2026-05-31,adhesion_reformas_provincial,66.7,% de jurisdicciones (sobre 24) adheridas al RIGI,"Tabla de provincias adheridas — Ministerio de Agricultura, Ganadería y Pesca"
2026-04-30,adhesion_reformas_provincial,66.7,% de jurisdicciones (sobre 24) adheridas al RIGI,"Tabla de provincias adheridas — Ministerio de Agricultura, Ganadería y Pesca"
2026-03-31,adhesion_reformas_provincial,66.7,% de jurisdicciones (sobre 24) adheridas al RIGI,"Tabla de provincias adheridas — Ministerio de Agricultura, Ganadería y Pesca"
2026-02-28,adhesion_reformas_provincial,66.7,% de jurisdicciones (sobre 24) adheridas al RIGI,"Tabla de provincias adheridas — Ministerio de Agricultura, Ganadería y Pesca"
2026-01-31,adhesion_reformas_provincial,66.7,% de jurisdicciones (sobre 24) adheridas al RIGI,"Tabla de provincias adheridas — Ministerio de Agricultura, Ganadería y Pesca"
2025-12-31,adhesion_reformas_provincial,66.7,% de jurisdicciones (sobre 24) adheridas al RIGI,"Tabla de provincias adheridas — Ministerio de Agricultura, Ganadería y Pesca"
2025-11-30,adhesion_reformas_provincial,66.7,% de jurisdicciones (sobre 24) adheridas al RIGI,"Tabla de provincias adheridas — Ministerio de Agricultura, Ganadería y Pesca"
2025-10-31,adhesion_reformas_provincial,66.7,% de jurisdicciones (sobre 24) adheridas al RIGI,"Tabla de provincias adheridas — Ministerio de Agricultura, Ganadería y Pesca"
2025-09-30,adhesion_reformas_provincial,66.7,% de jurisdicciones (sobre 24) adheridas al RIGI,"Tabla de provincias adheridas — Ministerio de Agricultura, Ganadería y Pesca"
2025-08-31,adhesion_reformas_provincial,62.5,% de jurisdicciones (sobre 24) adheridas al RIGI,"Tabla de provincias adheridas — Ministerio de Agricultura, Ganadería y Pesca"
2025-07-31,adhesion_reformas_provincial,62.5,% de jurisdicciones (sobre 24) adheridas al RIGI,"Tabla de provincias adheridas — Ministerio de Agricultura, Ganadería y Pesca"
2025-06-30,adhesion_reformas_provincial,62.5,% de jurisdicciones (sobre 24) adheridas al RIGI,"Tabla de provincias adheridas — Ministerio de Agricultura, Ganadería y Pesca"
2025-05-31,adhesion_reformas_provincial,62.5,% de jurisdicciones (sobre 24) adheridas al RIGI,"Tabla de provincias adheridas — Ministerio de Agricultura, Ganadería y Pesca"
2025-04-30,adhesion_reformas_provincial,62.5,% de jurisdicciones (sobre 24) adheridas al RIGI,"Tabla de provincias adheridas — Ministerio de Agricultura, Ganadería y Pesca"
2025-03-31,adhesion_reformas_provincial,62.5,% de jurisdicciones (sobre 24) adheridas al RIGI,"Tabla de provincias adheridas — Ministerio de Agricultura, Ganadería y Pesca"
2025-02-28,adhesion_reformas_provincial,62.5,% de jurisdicciones (sobre 24) adheridas al RIGI,"Tabla de provincias adheridas — Ministerio de Agricultura, Ganadería y Pesca"
2025-01-31,adhesion_reformas_provincial,62.5,% de jurisdicciones (sobre 24) adheridas al RIGI,"Tabla de provincias adheridas — Ministerio de Agricultura, Ganadería y Pesca"
2024-12-31,adhesion_reformas_provincial,54.2,% de jurisdicciones (sobre 24) adheridas al RIGI,"Tabla de provincias adheridas — Ministerio de Agricultura, Ganadería y Pesca"
2024-11-30,adhesion_reformas_provincial,54.2,% de jurisdicciones (sobre 24) adheridas al RIGI,"Tabla de provincias adheridas — Ministerio de Agricultura, Ganadería y Pesca"
2024-10-31,adhesion_reformas_provincial,50.0,% de jurisdicciones (sobre 24) adheridas al RIGI,"Tabla de provincias adheridas — Ministerio de Agricultura, Ganadería y Pesca"
2024-09-30,adhesion_reformas_provincial,37.5,% de jurisdicciones (sobre 24) adheridas al RIGI,"Tabla de provincias adheridas — Ministerio de Agricultura, Ganadería y Pesca"
2024-08-31,adhesion_reformas_provincial,20.8,% de jurisdicciones (sobre 24) adheridas al RIGI,"Tabla de provincias adheridas — Ministerio de Agricultura, Ganadería y Pesca"
2024-07-31,adhesion_reformas_provincial,4.2,% de jurisdicciones (sobre 24) adheridas al RIGI,"Tabla de provincias adheridas — Ministerio de Agricultura, Ganadería y Pesca"
